"event_id","geo_scope","start_date","end_date","subjects","statement","label","evidence_type","subtopics","sources","source_title","publisher","source_url","accessed","support","notes"
"nber_recession_1980","nation","1980-01","1980-07","employment_labor;income_poverty_hardship","NBER's Business Cycle Dating Committee identified July 1980 as a business-cycle trough, reaffirming January 1980 as the prior peak; it called the six-month 1980 recession the shortest in its chronology since 1854.","1980 recession","documented_event","labor_force;unemployment","","Business Cycle Dating Committee Announcement July 8, 1981","National Bureau of Economic Research (NBER)","https://www.nber.org/news/business-cycle-dating-committee-announcement-july-8-1981","2026-09-28","identified July 1980 as the most recent trough in the US business cycle","Dates are NBER peak and trough months; NBER counts the months after the peak through the trough as recession. National event: local changes in these months are coincident unless local sources document a link."
"nber_recession_1981_1982","nation","1981-07","1982-11","employment_labor;income_poverty_hardship","NBER's Business Cycle Dating Committee identified November 1982 as the trough of the recession that began in July 1981; it noted the recession's sixteen-month length equaled that of the 1973-75 recession.","1981-82 recession","documented_event","labor_force;unemployment","","Business Cycle Dating Committee Announcement July 8, 1983","National Bureau of Economic Research (NBER)","https://www.nber.org/news/business-cycle-dating-committee-announcement-july-8-1983","2026-09-28","identified November 1982 as the trough of the recession that had begun","Dates are NBER peak and trough months; NBER counts the months after the peak through the trough as recession. National event: local changes in these months are coincident unless local sources document a link."
"nber_recession_1990_1991","nation","1990-07","1991-03","employment_labor;income_poverty_hardship","NBER's Business Cycle Dating Committee determined that US economic activity peaked in July 1990 and reached a trough in March 1991; the eight months between them are a recession in NBER's chronology.","1990-91 recession","documented_event","labor_force;unemployment","","Business Cycle Dating Committee Announcement December 22, 1992","National Bureau of Economic Research (NBER)","https://www.nber.org/news/business-cycle-dating-committee-announcement-december-22-1992","2026-09-28","The eight-month period between July 1990 and March 1991 is a recession","Dates are NBER peak and trough months; NBER counts the months after the peak through the trough as recession. National event: local changes in these months are coincident unless local sources document a link."
"nber_recession_2001","nation","2001-03","2001-11","employment_labor;income_poverty_hardship","NBER's Business Cycle Dating Committee determined that a November 2001 trough ended the recession that began in March 2001; the recession lasted 8 months.","2001 recession","documented_event","labor_force;unemployment","","Business Cycle Dating Committee Announcement July 17, 2003","National Bureau of Economic Research (NBER)","https://www.nber.org/news/business-cycle-dating-committee-announcement-july-17-2003","2026-09-28","The trough marks the end of the recession that began in March 2001","Dates are NBER peak and trough months; NBER counts the months after the peak through the trough as recession. National event: local changes in these months are coincident unless local sources document a link."
"nber_recession_2007_2009","nation","2007-12","2009-06","employment_labor;income_poverty_hardship;housing","NBER's Business Cycle Dating Committee determined that a June 2009 trough ended the recession that began in December 2007; at 18 months it was the longest recession since World War II.","2007-09 recession","documented_event","labor_force;unemployment","","Business Cycle Dating Committee Announcement September 20, 2010","National Bureau of Economic Research (NBER)","https://www.nber.org/news/business-cycle-dating-committee-announcement-september-20-2010","2026-09-28","The trough marks the end of the recession that began in December 2007","Dates are NBER peak and trough months; NBER counts the months after the peak through the trough as recession. National event: local changes in these months are coincident unless local sources document a link."
"nber_recession_2020","nation","2020-02","2020-04","employment_labor;income_poverty_hardship","NBER's Business Cycle Dating Committee determined a February 2020 peak and an April 2020 trough; the two-month recession is the shortest US recession on record.","2020 recession","documented_event","labor_force;unemployment","","Business Cycle Dating Committee Announcement July 19, 2021 (Determination of the April 2020 Trough)","National Bureau of Economic Research (NBER)","https://www.nber.org/news/business-cycle-dating-committee-announcement-july-19-2021","2026-09-28","a trough in monthly economic activity occurred in the US economy in April 2020","Dates are NBER peak and trough months; NBER counts the months after the peak through the trough as recession. National event: local changes in these months are coincident unless local sources document a link. NBER's Business Cycle Dating page still listed Feb 2020/Apr 2020 as the most recent peak/trough on 2026-09-28."
"census2020_race_ethnicity_question_changes","nation","2020","","demographics","The 2020 Census used improved designs for its separate Hispanic origin and race questions and updated data processing and coding; the Census Bureau says 2020-2010 race comparisons should be made with caution.","2020 race coding change","definitional_change","race_ethnicity","census_acs5;census_dec","Improved Race and Ethnicity Measures Reveal U.S. Population Is Much More Multiracial (America Counts, Aug. 2021)","U.S. Census Bureau","https://www.census.gov/library/stories/2021/08/improved-race-ethnicity-measures-reveal-united-states-population-much-more-multiracial.html","2026-09-28","2020 Census and 2010 Census race data should be made with caution","The Bureau expects shifts such as White alone (-8.6%) and Multiracial (+276%) were largely due to question design, processing and coding improvements, plus some demographic change. Applies at every geography."
"acs2020_standard_1year_not_released","nation","2020","","demographics;income_poverty_hardship;housing;employment_labor","According to the Census Bureau, it did not release standard 2020 ACS 1-year estimates because of COVID-19 impacts on data collection, which produced nonresponse bias; limited experimental estimates were released November 30, 2021.","2020 ACS disruption","documented_explanation","household_income;per_capita_income;personal_income;poverty;home_values_rents;house_prices;labor_force;unemployment;race_ethnicity","","Changes for 2020 ACS 1-Year Estimates (ACS User Note)","U.S. Census Bureau","https://www.census.gov/programs-surveys/acs/technical-documentation/user-notes/2021-02.html","2026-09-28","because of the impacts of the COVID-19 pandemic on data collection","Announced July 29, 2021. The Bureau does not recommend comparing experimental 2020 estimates with standard ACS data. 2016-2020 ACS 5-year estimates used a revised method to reduce 2020 nonresponse bias (released March 17, 2022)."
"naics_adopted_1997","nation","1997","","industries_business;employment_labor","The North American Industry Classification System (NAICS), developed under the Office of Management and Budget, was adopted in 1997 to replace the Standard Industrial Classification (SIC) system for classifying business establishments.","NAICS adopted","definitional_change","labor_force;industry_employment","census_cbp","North American Industry Classification System (NAICS)","U.S. Census Bureau","https://www.census.gov/naics/","2026-09-28","adopted in 1997 to replace the Standard Industrial Classification (SIC) system","Industry series that span the SIC-to-NAICS switch use different industry definitions; later NAICS revisions also change some industry codes."
"cbp_sic_to_naics_1998","nation","1998","","industries_business;employment_labor","County Business Patterns data are published by NAICS code for 1998 onward and by SIC code for 1986-1997, so CBP industry detail changes classification systems between 1997 and 1998.","SIC to NAICS","definitional_change","labor_force;industry_employment","census_cbp","Industry Reference Files (County Business Patterns)","U.S. Census Bureau","https://www.census.gov/programs-surveys/cbp/technical-documentation/reference/naics-descriptions.html","2026-09-28","NAICS code for 1998 to current reference year and by SIC for 1986-1997","Same page lists NAICS vintages used by CBP: 1997 NAICS (1998-2002), 2002 (2003-2007), 2007 (2008-2011), 2012 (2012-2016), 2017 (2017-2023)."
"laus_redesign_2015","nation","2015","","employment_labor","BLS implemented a LAUS redesign with January 2015 estimates; for most substate areas the new methods were carried back only to 2010, and BLS said many areas can be expected to show series breaks between 2009 and 2010.","LAUS redesign (break 2009/10)","definitional_change","unemployment;labor_force","bls_laus","Questions and Answers on the Local Area Unemployment Statistics (LAUS) Program 2015 Redesign","U.S. Bureau of Labor Statistics","https://www.bls.gov/lau/2015redesignqa.htm","2026-09-28","many areas can be expected to display breaks in series between 2009 and 2010","States and census divisions were re-estimated from 1976 and five modeled metro areas from 1990; other substate series were also indirectly revised back to 1990. The redesign added ACS inputs and 2010 OMB area delineations. Q&A last modified Oct. 27, 2014."
"ct_county_government_abolished_1960","state:09","1960","","public_services_finance","County government in Connecticut was abolished in 1960; the state's eight counties continued to serve as geographic units for statistical data but no longer functioned as governmental or administrative entities.","","documented_event","","","Change to County-Equivalents in the State of Connecticut (Federal Register notice, 87 FR 34235, June 6, 2022)","U.S. Census Bureau (Federal Register, via GPO GovInfo)","https://www.govinfo.gov/content/pkg/FR-2022-06-06/html/2022-12063.htm","2026-09-28","since county government in the state was abolished in 1960","federalregister.gov returned a bot-check page; the official GPO GovInfo text of the same notice was used."
"ct_planning_regions_county_equivalents_2022","state:09","2022-06-06","","demographics;employment_labor;income_poverty_hardship;housing","A Census Bureau Federal Register notice adopted Connecticut's nine planning regions as county-equivalents, replacing the eight legacy counties in Census Bureau statistical data referenced to 2022 and later years.","CT planning regions","boundary_change","population_size;labor_force;unemployment;per_capita_income;personal_income;household_income;poverty;housing_stock;housing_production;home_values_rents;house_prices;child_poverty;health_insurance","census_acs5;census_pep;census_cbp;census_bps;census_saipe;census_sahie","Change to County-Equivalents in the State of Connecticut (Federal Register notice, 87 FR 34235, June 6, 2022)","U.S. Census Bureau (Federal Register, via GPO GovInfo)","https://www.govinfo.gov/content/pkg/FR-2022-06-06/html/2022-12063.htm","2026-09-28","new county-equivalents when reporting all statistical data and geospatial data referenced to 2022","Legacy county codes are kept but not valid for future Census Bureau products after June 2022; 2020 Census publications keep the eight counties. Connecticut county series break at 2022."
"ct_acs_2022_planning_regions","state:09","2022","","demographics;employment_labor;income_poverty_hardship;housing","Beginning with 2022 ACS data products, the Census Bureau generally tabulates Connecticut county-level data for nine planning regions; 2018-2022 5-year summary levels combining CBSAs and counties still use former county boundaries.","CT planning regions in ACS","boundary_change","population_size;labor_force;unemployment;per_capita_income;personal_income;household_income;poverty;housing_stock;housing_production;home_values_rents;house_prices","census_acs5","Change to County-Equivalents in the State of Connecticut for 2022 ACS (ACS User Note)","U.S. Census Bureau","https://www.census.gov/programs-surveys/acs/technical-documentation/user-notes/2023-01.html","2026-09-28","nine Council of Governments (COGs)/planning regions as county-equivalent geographic units","2018, 2019 and 2021 ACS 1-year data were re-tabulated for the new units in 2022+ 1-year Comparison Profiles; 5-year Comparison Profiles for them await the 2027 ACS release."
"gary_founded_us_steel_1906","place:1827000","1906","1908","industries_business;employment_labor","U.S. Steel, which bought 9,000 acres on Lake Michigan in 1905, began building its Gary Works plant and platting the Gary townsite in 1906; the plant became operational in summer 1908.","","documented_event","industry_employment;population_size","","United States Steel Corporation, Gary Works: Townsite Construction Photographs, ca. 1906-1907 (Collection P 0382 finding aid, historical sketch)","Indiana Historical Society","https://indianahistory.org/wp-content/uploads/united-states-steel-corporation-gary-works.pdf","2026-09-28","The Gary Works plant became operational in summer 1908.","The Encyclopedia of Chicago (archived) also says Gary was founded in 1906 as the creation of U.S. Steel."
"gary_population_1960_census","place:1827000","1960","","demographics","The Census Bureau's historical compilation of the largest U.S. urban places lists Gary city, Indiana, with a 1960 census population of 178,320, ranked 70th.","","documented_event","population_size","","Population of the 100 Largest Urban Places: 1960 (Table 19, Working Paper No. 27, Campbell Gibson, 1998)","U.S. Census Bureau","https://www2.census.gov/library/working-papers/1998/demographics/pop-twps0027/tab19.txt","2026-09-28","Gary city, IN............ 178,320","Same series: 133,911 (1950, Table 18) and 175,415 (1970, Table 20); Gary is absent from the 1980 and 1990 top-100 tables. 1960 is the highest count in fetched sources, but none explicitly calls it the peak. Quote whitespace collapsed."
"gary_population_decline_1970_1990","place:1827000","1970","1990","demographics","According to the Encyclopedia of Chicago, Gary's population reached 175,415 in 1970 and then declined to 116,646 by 1990.","","documented_event","population_size","","Gary, IN (Encyclopedia of Chicago entry by Raymond A. Mohl; Internet Archive snapshot 2024-12-27)","Newberry Library and Chicago Historical Society (Encyclopedia of Chicago)","https://web.archive.org/web/20241227070934/https://www.encyclopedia.chicagohistory.org/pages/503.html","2026-09-28","the population declined dramatically to 116,646 by 1990","Live Encyclopedia of Chicago site did not resolve (DNS) on 2026-09-28; archived copy used. The entry's interpretive remarks on causes of the decline are not reproduced here."
"gary_black_population_share_1930_1990","place:1827000","1930","1990","demographics","The Encyclopedia of Chicago reports that African Americans made up 18 percent of Gary's population in 1930, 29 percent in 1950, 53 percent in 1970 and over 80 percent by 1990.","","documented_event","race_ethnicity;population_size","","Gary, IN (Encyclopedia of Chicago entry by Raymond A. Mohl; Internet Archive snapshot 2024-12-27)","Newberry Library and Chicago Historical Society (Encyclopedia of Chicago)","https://web.archive.org/web/20241227070934/https://www.encyclopedia.chicagohistory.org/pages/503.html","2026-09-28","29 percent in 1950, and 53 percent in 1970","Historical race categories differ from current Census race and Hispanic-origin definitions; compare with caution."
"gary_steelworkers_decline_1960s_1987","place:1827000","1967","1987","employment_labor;industries_business","The Encyclopedia of Chicago reports that Gary had over 30,000 steelworkers in the late 1960s but fewer than 6,000 in 1987, presenting the decline as steel company disinvestment.","","documented_event","industry_employment;labor_force","","Gary, IN (Encyclopedia of Chicago entry by Raymond A. Mohl; Internet Archive snapshot 2024-12-27)","Newberry Library and Chicago Historical Society (Encyclopedia of Chicago)","https://web.archive.org/web/20241227070934/https://www.encyclopedia.chicagohistory.org/pages/503.html","2026-09-28","over 30,000 steelworkers in the late 1960s but fewer than 6,000 in 1987","start_date approximates 'late 1960s'. Counts are steelworkers in Gary, not a QCEW/CBP industry series; do not splice with modern data."
"gary_hatcher_elected_1967","place:1827000","1967","","public_services_finance","Richard G. Hatcher was elected mayor of Gary in 1967, one of the nation's first Black big-city mayors; he was reelected four times and served 20 years, until 1987.","","documented_event","","","Gary, IN (Encyclopedia of Chicago entry by Raymond A. Mohl; Internet Archive snapshot 2024-12-27)","Newberry Library and Chicago Historical Society (Encyclopedia of Chicago)","https://web.archive.org/web/20241227070934/https://www.encyclopedia.chicagohistory.org/pages/503.html","2026-09-28","ended in 1967 with the election of Richard G. Hatcher","Institutional event; no documented link to specific data trends is implied."
"gary_schools_distressed_2017_2024","place:1827000","2017","2024-07-01","education;public_services_finance","Indiana's Senate Enrolled Act 567 (2017) designated the Gary Community School Corporation a distressed political subdivision; the state Distressed Unit Appeal Board ended that designation effective July 1, 2024.","","documented_event","","","Resolution 2024-2: Terminating Gary Community School Corporation's Status as a Distressed Political Subdivision","Indiana Distressed Unit Appeal Board (State of Indiana)","https://www.in.gov/duab/files/2024-02-Gary-exit-Distressed-Status.pdf","2026-09-28","Senate Enrolled Act 567 (2017) designated the Gary Community School Corporation","Scanned PDF with no text layer; quote transcribed from the page image. Adopted June 17, 2024. School corporation boundaries may not exactly match Gary city limits."
"gary_works_bf14_reline_2026","place:1827000","2026-09-03","","industries_business","U.S. Steel announced on September 3, 2026, that Blast Furnace #14, the largest at Gary Works, returned to service after a $350 million reline project.","","documented_event","industry_employment","","U. S. Steel Completes $350 Million Gary Works Blast Furnace #14 Reline, Returns Furnace to Service","United States Steel Corporation","https://www.ussteel.com/media/newsroom/-/blogs/u-s-steel-completes-350-million-gary-works-blast-furnace-14-reline-returns-furnace-to-service","2026-09-28","the successful return to service of Blast Furnace #14 at Gary Works","Company press release; gives no employment change. U.S. Steel's locations page calls Gary Works its largest manufacturing plant."
"austin_capital_established_1839","place:4805000","1839","","public_services_finance","Austin was established in 1839 by the Republic of Texas to serve as its permanent capital; it officially became the state capital on February 19, 1846.","","documented_event","","","Austin, TX (Travis County) (Handbook of Texas Online, David C. Humphrey)","Texas State Historical Association (Handbook of Texas Online)","https://www.tshaonline.org/handbook/entries/austin-tx-travis-county","2026-09-28","The city was established by the three-year-old Republic of Texas in 1839",""
"ut_austin_site_selected_1881","place:4805000","1881","1883","education","A statewide election in 1881 chose Austin as the site of the new University of Texas, which began instruction two years later.","","documented_event","","","Austin, TX (Travis County) (Handbook of Texas Online, David C. Humphrey)","Texas State Historical Association (Handbook of Texas Online)","https://www.tshaonline.org/handbook/entries/austin-tx-travis-county","2026-09-28","the city was chosen as the site for the new University of Texas",""
"austin_growth_education_government_1950s_1960s","place:4805000","1950","1970","employment_labor;education;public_services_finance","According to the Handbook of Texas, much of Austin's 1950s-1960s growth reflected expansion of education and government; UT Austin enrollment doubled in the 1960s and Travis County government employment tripled from 1950 to 1970.","","documented_explanation","population_size;labor_force","","Austin, TX (Travis County) (Handbook of Texas Online, David C. Humphrey)","Texas State Historical Association (Handbook of Texas Online)","https://www.tshaonline.org/handbook/entries/austin-tx-travis-county","2026-09-28","much of Austin's growth reflected the rapid expansion of its traditional strengths","Source: government employees in Travis County reached 47,300 by 1970; UT enrollment reached 39,000 by 1970."
"austin_high_tech_growth_1970s","place:4805000","1967","1974","industries_business;employment_labor","According to the Handbook of Texas, Austin's emergence as a high-technology center propelled its growth by the 1970s, accelerating when IBM (1967), Texas Instruments (1969) and Motorola (1974) located in Austin.","","documented_explanation","population_size;labor_force;industry_employment","","Austin, TX (Travis County) (Handbook of Texas Online, David C. Humphrey)","Texas State Historical Association (Handbook of Texas Online)","https://www.tshaonline.org/handbook/entries/austin-tx-travis-county","2026-09-28","Propelling Austin's growth by the 1970s was its emergence as a center","Quote continues 'for high technology'. Source says the Chamber of Commerce fostered this since the 1950s and UT research fueled it; about 400 high-tech manufacturers in the Austin MSA by the early 1990s."
"travis_tech_firms_largest_employers","county:48453","1955","1988","industries_business;employment_labor","The Handbook of Texas reports that high-tech firms including Tracor (1955), IBM (1967), Motorola (1974), MCC (1983), Dell (1984) and Sematech (1988) became Travis County's largest employers.","","documented_event","labor_force;industry_employment","","Travis County (Handbook of Texas Online, Vivian Elizabeth Smyrl)","Texas State Historical Association (Handbook of Texas Online)","https://www.tshaonline.org/handbook/entries/travis-county","2026-09-28","became the county's largest employers","Years are the source's arrival years; when the firms became the largest employers is not dated. The entry's Texas Instruments reference (a 1951 company formation) is ambiguous about Austin and was omitted."
"austin_mcc_selected_1983","place:4805000","1983-07","","industries_business","The Microelectronics and Computer Technology Corporation (MCC), a research consortium of U.S. technology companies, selected Austin as its location in July 1983 after 57 communities submitted bids.","","documented_event","labor_force","","Microelectronics and Computer Technology Corporation [MCC] (Handbook of Texas Online, Michael Frontain)","Texas State Historical Association (Handbook of Texas Online)","https://www.tshaonline.org/handbook/entries/microelectronics-and-computer-technology-corporation-mcc","2026-09-28","Austin was selected in July of 1983.","MCC employed almost 400 at its mid-1980s peak; its board voted to dissolve it in June 2000. The Handbook says MCC's economic impact on Austin is difficult to quantify."
"austin_dell_founded_1984","place:4805000","1984","","industries_business","Michael Dell, then a University of Texas at Austin freshman, founded PC's Limited in Austin in 1984; renamed Dell Computer Corporation in 1987, it employed more than 4,800 workers by 1993.","","documented_event","labor_force;industry_employment","","Dell Computer Corporation (Handbook of Texas Online, Jon Kutner, Jr.)","Texas State Historical Association (Handbook of Texas Online)","https://www.tshaonline.org/handbook/entries/dell-computer-corporation","2026-09-28","The company was founded in 1984 by Michael S. Dell","Employment figure is company-wide, not Austin-only; the entry describes the company as of about 1993."
"austin_sematech_opened_1988","place:4805000","1988-11","","industries_business","SEMATECH, a semiconductor manufacturing research consortium incorporated in 1987, opened its southeast Austin facility in November 1988 on a former Data General site leased from the University of Texas System.","","documented_event","labor_force;industry_employment","","Sematech (Handbook of Texas Online, Diana J. Kleiner)","Texas State Historical Association (Handbook of Texas Online)","https://www.tshaonline.org/handbook/entries/sematech","2026-09-28","The new facility opened in November 1988.","The Handbook says SEMATECH located in Austin because of a UT, city and state incentive package and initially promised 800 Austin-area jobs."
"austin_bergstrom_airport_opened_1999","place:4805000","1999-05-23","","transportation","Austin-Bergstrom International Airport opened May 23, 1999, on the site of Bergstrom Air Force Base, which closed in 1993; Robert Mueller Municipal Airport closed the same month.","","documented_event","labor_force","","History of the Airport (Austin-Bergstrom International Airport)","City of Austin, Department of Aviation","https://www.flyaustin.com/history-airport","2026-09-28","Austin-Bergstrom International Airport opened May 23, 1999","austintexas.gov/department/history-airport redirects to this page. The page says the base closed through the 1991 Base Realignment and Closure Commission."
"williamson_growth_housing_near_austin_1970s","county:48491","1970","1982","demographics;housing","According to the Handbook of Texas, much of Williamson County's growth from 37,305 residents (1970) to an estimated 85,700 (1982) was related to new housing communities in the area bordering Austin.","","documented_explanation","population_size;housing_stock;housing_production","","Williamson County (Handbook of Texas Online, Mark Odintz)","Texas State Historical Association (Handbook of Texas Online)","https://www.tshaonline.org/handbook/entries/williamson-county","2026-09-28","growth in population was related to the development of new housing communities","Same entry: Round Rock grew from 2,811 (1970) to 11,812 (1980); county population 139,551 in 1990; many residents commuted to Austin in the early 2000s."
"hays_joined_austin_msa_1973","county:48209","1973","","demographics;employment_labor","Hays County became part of the Austin Metropolitan Statistical Area in 1973, according to the Handbook of Texas.","Hays joins Austin MSA","boundary_change","population_size;labor_force","census_geo","Hays County (Handbook of Texas Online, Paul F. Cecil and Daniel P. Greene)","Texas State Historical Association (Handbook of Texas Online)","https://www.tshaonline.org/handbook/entries/hays-county","2026-09-28","In 1973 Hays County became part of the Austin Metropolitan Statistical Area","Affects metro-area aggregates, not county-level data."
"hays_growth_austin_expansion_1970s_1980s","county:48209","1970","1989","demographics;housing","According to the Handbook of Texas, growth in northern and eastern Hays County during the 1970s and 1980s was influenced by the expanding Austin metropolitan area and the Austin-San Antonio corridor along Interstate 35.","","documented_explanation","population_size;housing_stock;housing_production","","Hays County (Handbook of Texas Online, Paul F. Cecil and Daniel P. Greene)","Texas State Historical Association (Handbook of Texas Online)","https://www.tshaonline.org/handbook/entries/hays-county","2026-09-28","was influenced by the expanding Austin metropolitan area","Same entry dates steady county growth (19,934 in 1960 to 65,614 in 1990) to the 1964 Gary Job Corps center in San Marcos (unrelated to Gary, IN) and university enrollment growth."
"wyandotte_kck_unified_government_1997","county:20209","1997-10-01","","public_services_finance","Wyandotte County voters approved on April 1, 1997, consolidating the governments of Kansas City, Kansas, and Wyandotte County; the Unified Government took effect October 1, 1997. The county also includes the cities of Bonner Springs and Edwardsville.","","documented_event","","","About WyCo & KCK","Unified Government of Wyandotte County and Kansas City, Kansas","https://www.wycokck.org/Government/About-WyCo-and-KCK","2026-09-28","The Unified Government (UG) of Wyandotte County/Kansas City, KS effective October 1, 1997","The UG page calls the vote 'unanimous'; that wording was not verified and is not repeated. A UG administrator's ICMA slide deck gives the same April 1 and October 1, 1997 dates."
"kc_flood_1951","county:20209","1951-07-12","","industries_business;employment_labor;housing","The July 1951 Kansas (Kaw) River flood inundated Argentine, Armourdale and the West Bottoms; according to the Kansas City Public Library, the area's livestock and meatpacking industries never fully recovered.","","documented_explanation","industry_employment;labor_force;population_size","","Kansas City was devastated by the 1951 flood. Learn how it still shapes our city today (KCQ, July 2026)","Kansas City Public Library (KCHistory)","https://www.kchistory.org/blog/kansas-city-was-devastated-by-the-1951-flood.-learn-how-it-still-shapes-our-city-today","2026-09-28","meat packing industries of the West Bottoms and Armourdale never fully recovered","The West Bottoms straddle the state line (Kansas City, MO; Jackson County). The library says thousands of residents lost homes and jobs; the flood prompted later Kansas River dams and reservoirs."
"jackson_county_home_rule_charter_1970","county:29095","1970","","public_services_finance","In 1970 Jackson County, Missouri, voters adopted a Constitutional Home Rule Charter establishing a County Executive and a County Legislature, replacing the county's older government structure.","","documented_event","","","Our Charter","Jackson County, Missouri","https://www.jacksongov.org/Our-County/About-Us/Our-Charter","2026-09-28","the voters of Jackson County adopted a Constitutional Home Rule Charter for the County","Voters approved an amended charter on November 6, 2018 (term limits for prosecutor and sheriff)."
"johnson_county_wwii_suburbanization_1940s","county:20091","1940","1950","demographics;housing;employment_labor","According to Johnson County government, rapid suburbanization and a shift from farming began in the early 1940s, when the Sunflower Army Ammunition Plant and Olathe Naval Air Station had a major impact; population almost doubled 1940-1950.","","documented_explanation","population_size;housing_stock;housing_production;labor_force","","Johnson County, Kansas is rich in history (JoCo Magazine, Summer 2026)","Johnson County, Kansas Government","https://www.jocogov.org/joco-magazine/summer-2026/johnson-county-kansas-rich-history","2026-09-28","Olathe Naval Air Station at the edge of Gardner had a major impact","The article's '129% in the 1960s' figure matches JoCoHistory's 1950-1960 counts (62,783 to 143,792), so it was not used. The air station was decommissioned in 1970."
"johnson_county_jobs_doubled_1970s","county:20091","1970","1980","employment_labor;transportation","A 1985 Johnson County Library history reports that during the 1970s the number of jobs held within Johnson County doubled and the percentage of persons living and working in the county rose from 39% to 51%.","","documented_event","labor_force","","Johnson County, Kansas: A Brief Historical Sketch (JoCoHistory Blog; written for Johnson County Library in 1985)","JoCoHistory (Johnson County Museum and Johnson County Library)","https://jocohistory.wordpress.com/2023/07/15/johnson-county-kansas-a-brief-historical-sketch/","2026-09-28","the number of people who held jobs within the county doubled","Source does not define the base for the 39% and 51% figures or cite underlying data. Same article: county businesses rose from 2,762 (1970) to 8,443 (1983)."
"johnson_county_panasonic_battery_plant_2025","county:20091","2025","","industries_business;employment_labor","A Panasonic electric vehicle battery plant opened in mid-2025 at Astra Enterprise Park in De Soto, on the former Sunflower Army Ammunition Plant site declared federal surplus in 1998 and transferred to local control in 2005.","","documented_event","industry_employment;labor_force","","Johnson County, Kansas is rich in history (JoCo Magazine, Summer 2026)","Johnson County, Kansas Government","https://www.jocogov.org/joco-magazine/summer-2026/johnson-county-kansas-rich-history","2026-09-28","the new Panasonic Electric Vehicle Battery Plant opened in mid-2025","start_date approximates 'mid-2025'. Source gives no employment figures."
