field_id,scope,text,updated,fixed_facts,note
@availability.prose,default,,2026-09-28T00:00:00,,
@availability.title,default,What is not shown and why,2026-09-28T00:00:00,,
@composition.alt,default,Stacked bars showing the share of residents in each group for {area_short} in each period. {summary_sentence},2026-09-28T00:00:00,,
@composition.caption,default,"Composition of {area_short}, {latest_period}",2026-09-28T00:00:00,,
@composition.legend_title,default,,2026-09-28T00:00:00,,
@composition.note,default,{method_note},2026-09-28T00:00:00,,
@composition.prose,default,{summary_sentence} {change_sentence},2026-09-28T00:00:00,,
@composition.source_note,default,"Source: U.S. Census Bureau, American Community Survey 5-year estimates.",2026-09-28T00:00:00,,
@composition.title,default,Composition,2026-09-28T00:00:00,,
@composition.y_label,default,Share of residents,2026-09-28T00:00:00,,
@custom.alt,default,{module_title},2026-09-28T00:00:00,,
@custom.caption,default,{module_title},2026-09-28T00:00:00,,
@custom.legend_title,default,,2026-09-28T00:00:00,,
@custom.note,default,{method_note},2026-09-28T00:00:00,,
@custom.prose,default,{summary_sentence},2026-09-28T00:00:00,,
@custom.source_note,default,Sources: {source_short}.,2026-09-28T00:00:00,,
@custom.title,default,{module_title},2026-09-28T00:00:00,,
@custom.x_label,default,,2026-09-28T00:00:00,,
@custom.y_label,default,,2026-09-28T00:00:00,,
@distribution.alt,default,Bar chart comparing the distribution for {area_short} and {benchmark} in {latest_period}.,2026-09-28T00:00:00,,
@distribution.caption,default,"{metric_label}: distribution, {latest_period}",2026-09-28T00:00:00,,
@distribution.legend_title,default,,2026-09-28T00:00:00,,
@distribution.note,default,,2026-09-28T00:00:00,,
@distribution.prose,default,,2026-09-28T00:00:00,,
@distribution.source_note,default,"Source: U.S. Census Bureau, American Community Survey 5-year estimates.",2026-09-28T00:00:00,,
@distribution.title,default,Distribution,2026-09-28T00:00:00,,
@distribution.x_label,default,,2026-09-28T00:00:00,,
@distribution.y_label,default,Share,2026-09-28T00:00:00,,
@error.title,default,{block_id},2026-09-28T00:00:00,,
@facts.caption,default,"Selected indicators, {area_short} and comparison areas",2026-09-28T00:00:00,,
@facts.note,default,Values marked with an asterisk (*) are statistically different from {flag_reference} at the 90 percent confidence level; ‡ marks unreliable estimates (coefficient of variation above 30 percent). Margins of error for the report's areas are in parentheses; for percentages they are in percentage points.,2026-09-28T00:00:00,,
@facts.prose,default,{summary_sentence},2026-09-28T00:00:00,,
@facts.source_note,default,Sources: see Sources and methods.,2026-09-28T00:00:00,,
@facts.title,default,Key facts,2026-09-28T00:00:00,,
@history.note,default,,2026-09-28T00:00:00,,
@history.prose,default,"These documented events help explain how conditions in {area_short} developed. Each entry is labeled by the kind of evidence it is; unless an entry says a source attributes a change to it, it records timing only and is not evidence that the event caused a trend shown in this report.",2026-09-28T00:00:00,,
@history.title,default,Historical context,2026-09-28T00:00:00,,
@locator.alt,default,Map showing the location of {area}.,2026-09-28T00:00:00,,
@locator.caption,default,{area},2026-09-28T00:00:00,,
@locator.source_note,default,Boundaries: U.S. Census Bureau cartographic boundary files.,2026-09-28T00:00:00,,
@locator.title,default,Location,2026-09-28T00:00:00,,
@map.alt,default,"Map of {metric_label_lower} for {n_tracts} census tracts in {area_short}, {latest_period}.",2026-09-28T00:00:00,,
@map.caption,default,"{metric_label} by census tract, {latest_period}",2026-09-28T00:00:00,,
@map.legend_title,default,{metric_label},2026-09-28T00:00:00,,
@map.note,default,Classes are quantiles of tract values. Gray tracts: no data; darker gray: unreliable estimate ({n_unreliable} tracts). {tract_note},2026-09-28T00:00:00,,
@map.prose,default,{tract_note},2026-09-28T00:00:00,,
@map.source_note,default,"Source: U.S. Census Bureau, American Community Survey 5-year estimates; cartographic boundary files.",2026-09-28T00:00:00,,
@map.title,default,{metric_label} within {area_short},2026-09-28T00:00:00,,
@metric.alt,default,"Chart of {metric_label_lower} for {area_and_benchmarks}, {period_span}. {summary_sentence}",2026-09-28T00:00:00,,
@metric.caption,default,"{metric_label}, {area_and_benchmarks}, {period_span}{dollar_phrase}",2026-09-28T00:00:00,,
@metric.legend_title,default,,2026-09-28T00:00:00,,
@metric.note,default,{method_note},2026-09-28T00:00:00,,
@metric.note,profile:early-childhood,Definition: {definition} Universe: {universe}. {method_note},2026-09-28T00:00:00,,
@metric.prose,default,{summary_sentence} {change_sentence} {growth_sentence} {benchmark_sentence} {relation_sentence} {turning_sentence},2026-09-28T00:00:00,,
@metric.prose,profile:economic-development,{summary_sentence} {change_sentence} {growth_sentence} {benchmark_sentence},2026-09-28T00:00:00,,
@metric.source_note,default,Source: {source_short}.,2026-09-28T00:00:00,,
@metric.title,default,{metric_label},2026-09-28T00:00:00,,
@metric.x_label,default,{x_axis_label},2026-09-28T00:00:00,,
@metric.y_label,default,{units_label},2026-09-28T00:00:00,,
@phrase.and,default,and,2026-09-28T00:00:00,,
@phrase.area_and_benchmarks,default,{area} and comparison areas,2026-09-28T00:00:00,,
@phrase.bench_higher,default,higher than in {list},2026-09-28T00:00:00,,
@phrase.bench_lower,default,lower than in {list},2026-09-28T00:00:00,,
@phrase.bench_ns,default,not statistically different from {list},2026-09-28T00:00:00,,
@phrase.bench_same,default,about the same as in {list},2026-09-28T00:00:00,,
@phrase.bench_sentence,default,In {latest_period} it was {parts}.,2026-09-28T00:00:00,,
@phrase.bench_untested,default,"Its difference from {list} cannot be tested, because no margin of error is available.",2026-09-28T00:00:00,,
@phrase.change_down,default,That is lower than in {first_period} ({first}; change {change}).,2026-09-28T00:00:00,,
@phrase.change_flat,default,That is about the same as in {first_period} ({first}).,2026-09-28T00:00:00,,
@phrase.change_ns,default,The difference from {first_period} ({first}) is not statistically significant.,2026-09-28T00:00:00,,
@phrase.change_untested,default,"In {first_period} it was {first} (change {change}); without a margin of error, the change cannot be tested for statistical significance.",2026-09-28T00:00:00,,
@phrase.change_up,default,That is higher than in {first_period} ({first}; change {change}).,2026-09-28T00:00:00,,
@phrase.cmp_above,default, (above the benchmark),2026-09-28T00:00:00,,
@phrase.cmp_below,default, (below the benchmark),2026-09-28T00:00:00,,
@phrase.cmp_ns,default, (not statistically different from the benchmark),2026-09-28T00:00:00,,
@phrase.compare_benchmark,default,"The benchmark, {benchmark}, was {benchmark_value}; differences between the listed areas themselves are not tested here.",2026-09-28T00:00:00,,
@phrase.compare_summary,default,"In {latest_period}, the {metric_sentence} was {list}.",2026-09-28T00:00:00,,
@phrase.composition_change,default,The largest statistically significant shift was in the {category} group: {first} in {first_period} and {latest} in {latest_period} ({change}).,2026-09-28T00:00:00,,
@phrase.composition_compare,default,"In {latest_period}, the largest group was {list}.",2026-09-28T00:00:00,,
@phrase.composition_context,default,These figures are not published for areas like {area_short}; the chart shows {focus} and larger comparison areas instead.,2026-09-28T00:00:00,,
@phrase.composition_stable,default,No group's share changed by a statistically significant amount between {first_period} and {latest_period}.,2026-09-28T00:00:00,,
@phrase.composition_summary,default,"In {latest_period}, the largest group in {area_short} was {largest_category} ({largest_share}).",2026-09-28T00:00:00,,
@phrase.context_note,default,{metric_label} is not published for areas like {area_short}; the chart shows {focus} ({relation}) and larger comparison areas instead.,2026-09-28T00:00:00,,
@phrase.dollars,default," (in {dollar_year} dollars, adjusted with the {price_index})",2026-09-28T00:00:00,,
@phrase.evidence_boundary_change,default,Boundary change (comparability break),2026-09-28T00:00:00,,
@phrase.evidence_coincident_event,default,"Coincident event (timing only, not a documented cause)",2026-09-28T00:00:00,,
@phrase.evidence_definitional_change,default,Change in definitions (comparability break),2026-09-28T00:00:00,,
@phrase.evidence_documented_event,default,Documented event,2026-09-28T00:00:00,,
@phrase.evidence_documented_explanation,default,Documented explanation (attributed to the source),2026-09-28T00:00:00,,
@phrase.evidence_hypothesis,default,Hypothesis (not established),2026-09-28T00:00:00,,
@phrase.facts_alone,default,The table shows {area_short} for the latest period of each measure ({latest_period}).,2026-09-28T00:00:00,,
@phrase.facts_compare,default,The table compares {area_short} with {benchmark_list} for the latest period of each measure ({latest_period}).,2026-09-28T00:00:00,,
@phrase.facts_context,default,These measures are not published for areas like {area_short}; the table shows {context_list} instead ({latest_period}).,2026-09-28T00:00:00,,
@phrase.gap,default,{area_short} was {gap_first} percentage points {side_first} {benchmark} in {first_period} and {gap_latest} percentage points {side_latest} in {latest_period}.,2026-09-28T00:00:00,,
@phrase.growth_compare,default,"From {first_period} to {latest_period}, the change was {list}.",2026-09-28T00:00:00,,
@phrase.moe,default, (margin of error {latest_moe}),2026-09-28T00:00:00,,
@phrase.name_division,default,the {name},2026-09-28T00:00:00,,
@phrase.name_nation,default,the {name},2026-09-28T00:00:00,,
@phrase.name_region,default,the {name},2026-09-28T00:00:00,,
@phrase.name_state,default,the state of {name},2026-09-28T00:00:00,,
@phrase.no_benchmarks,default,no comparison areas,2026-09-28T00:00:00,,
@phrase.no_data,default,No data are available for the {metric_sentence} in {area}. Reason: {reason}.,2026-09-28T00:00:00,,
@phrase.no_events,default,No cited historical events are recorded for this area yet. Add sourced events to content/history_events.csv.,2026-09-28T00:00:00,,
@phrase.nominal_only,default,"Dollar values are nominal (not adjusted for inflation) because a price index was unavailable, so changes over time are not described.",2026-09-28T00:00:00,,
@phrase.none_available,default,None of these measures is available for {area_short}. Reason: {reason}.,2026-09-28T00:00:00,,
@phrase.note_imputed,default,Hollow markers are years the Census Bureau imputed because the jurisdiction reported fewer than 12 months.,2026-09-28T00:00:00,,
@phrase.note_interpolated,default,Medians for combined areas are interpolated from the combined published distribution and have no margin of error.,2026-09-28T00:00:00,,
@phrase.note_legal_area,default,"Values for a city describe its boundaries at the time of each period, so part of any change can reflect annexation.",2026-09-28T00:00:00,,
@phrase.note_fixed_area,default,"Values for every year describe the area within its {boundary_year} boundaries, so annexations do not change them.",2026-09-29T00:00:00,,
@phrase.note_multiyear,default,"American Community Survey values are 5-year period estimates, drawn as bars spanning each period; the periods shown do not overlap. Error bars show 90 percent margins of error.",2026-09-28T00:00:00,,
@phrase.note_unreliable,default,Hollow markers show unreliable estimates (coefficient of variation above {cv} percent).,2026-09-28T00:00:00,,
@phrase.peak,default,The count peaked in {peak_period} at {peak_value}.,2026-09-28T00:00:00,,
@phrase.ratio_change,default,The value was {ratio_first} of the level in {benchmark} in {first_period} and {ratio_latest} in {latest_period}.,2026-09-28T00:00:00,,
@phrase.side_above,default,above,2026-09-28T00:00:00,,
@phrase.side_below,default,below,2026-09-28T00:00:00,,
@phrase.summary,default,"In {latest_period}, the {metric_sentence} in {area_short} was {latest}{moe_phrase}.{reliability_phrase}",2026-09-28T00:00:00,,
@phrase.tracts_exact,default,"Census tracts nest within counties, so these tracts cover the study area exactly.",2026-09-28T00:00:00,,
@phrase.tracts_overlap,default,"Census tracts do not follow city limits. Every tract overlapping the area is shown in full with the area outlined; a tract's value describes the whole tract, including any part outside the boundary.",2026-09-28T00:00:00,,
@phrase.unreliable,default, This estimate is unreliable because its margin of error is large relative to the estimate.,2026-09-28T00:00:00,,
@phrase.within_series,default,"(Change is measured within one series, {series}; earlier points come from a different series and are compared only in the chart.)",2026-09-28T00:00:00,,
@phrase.x_multiyear,default,5-year survey period,2026-09-28T00:00:00,,
@phrase.x_year,default,Year,2026-09-28T00:00:00,,
@section.title,default,Section,2026-09-28T00:00:00,,Fallback when a section id has no title record
@sources.prose,default,,2026-09-28T00:00:00,,
@sources.title,default,Sources and methods,2026-09-28T00:00:00,,
@text.body,default,,2026-09-28T00:00:00,,
age-structure.caption,default,"Residents by age group, {area_short}, by 5-year survey period",2026-09-28T00:00:00,,
age-structure.title,default,Age structure,2026-09-28T00:00:00,,
appendix.title,default,Data notes,2026-09-28T00:00:00,,
availability.prose,default,"Some measures could not be shown for every area or period. Each gap is listed with the reason: a table not published in an older release, a boundary change, too few survey responses, or a measure that cannot be combined across areas.",2026-09-28T00:00:00,,
availability.title,default,What is not shown and why,2026-09-28T00:00:00,,
business-summary.note,default,"County Business Patterns counts establishments with paid employees, and their mid-March employees, where they are located; it excludes self-employed people, private household employees, crop and animal production and most government employees. Payroll per employee is annual payroll divided by mid-March employment{dollar_phrase}.",2026-09-28T00:00:00,,
business-summary.title,default,Businesses and jobs located in the area,2026-09-28T00:00:00,,
childcare-affordability.title,default,Infant care price relative to family income,2026-09-28T00:00:00,,
childcare-capacity.prose,default,"Licensed capacity is the maximum number of children regulated operations may serve, from current state licensing records. It is shown next to the number of young children for scale; it is not a count of children enrolled, and the two come from different dates.",2026-09-28T00:00:00,,
childcare-capacity.title,default,Licensed child care capacity,2026-09-28T00:00:00,,
childcare-establishments.note,default,"Counts establishments classified as child day care services that have paid employees. It is a measure of businesses, not licensed slots or enrollment, and excludes most home-based providers. {method_note}",2026-09-28T00:00:00,,
childcare-establishments.title,default,Child care businesses with employees,2026-09-28T00:00:00,,
childcare-gap.title,default,Licensed child care slots per 100 young children,2026-09-28T00:00:00,,
childcare-gap.x_label,default,Licensed slots per 100 children under 5,2026-09-28T00:00:00,,
childcare-jobs.note,default,Paid employees of child day care establishments in mid-March. It excludes home-based providers without employees and most public programs. {method_note},2026-09-28T00:00:00,,
childcare-jobs.title,default,Child care jobs,2026-09-28T00:00:00,,
childcare-prices.title,default,Price of center-based infant care,2026-09-28T00:00:00,,
children-ages.title,default,Children by age,2026-09-28T00:00:00,,
children.title,default,Young children and child care,2026-09-28T00:00:00,,
chronic-conditions.note,default,"Model-based estimates for adults 18 and over from CDC PLACES (2025 release, 2023 survey data); values are not age-adjusted. A state's value is the sum of its county estimates and has no margin of error. Values marked with an asterisk (*) are statistically different from {flag_reference} at the 90 percent confidence level; margins of error for the report's areas are in parentheses, in percentage points.",2026-09-28T00:00:00,,
chronic-conditions.title,default,Chronic conditions among adults,2026-09-28T00:00:00,,
civic.title,default,Civic participation,2026-09-28T00:00:00,,
commute-mode.alt,default,Stacked bars showing how workers get to work in {area_short} in each period. {summary_sentence},2026-09-28T00:00:00,,
commute-mode.caption,default,"Workers 16 and over by usual means of transportation to work, {area_short}, by census year and 5-year survey period",2026-09-28T00:00:00,,
commute-mode.note,default,"The 1990 and 2000 bars are decennial census values from the census long form, a sample, via IPUMS NHGIS (no margins of error are published for them); the other bars are 5-year ACS estimates. {method_note}",2026-09-28T00:00:00,,
commute-mode.source_note,default,"Sources: U.S. Census Bureau, American Community Survey 5-year estimates; decennial censuses via IPUMS NHGIS, University of Minnesota, www.nhgis.org.",2026-09-28T00:00:00,,
commute-mode.title,default,How workers get to work,2026-09-28T00:00:00,,
commute-mode.y_label,default,Share of workers,2026-09-28T00:00:00,,
crime-rates.note,default,"Offenses known to police and reported to the FBI's Uniform Crime Reporting program, per 100,000 residents. A city's values are its police department's. A county's values add up every police agency the FBI lists in the county (city police, the sheriff, campus and state police posts): a department that serves several counties is divided among them by where its residents live, and agencies the FBI places in no county, such as most state police, are left out. Because jurisdictions overlap and some agencies report incompletely, county figures are approximate, and a county's year is shown only when agencies serving at least 75% of its residents reported every month. State and national values cover the agencies that reported (see the coverage row). Violent crime is murder, rape, robbery and aggravated assault; property crime is burglary, larceny-theft and motor vehicle theft. The FBI advises comparing a city with its state and a state with the nation rather than ranking places; the figures also depend on how often crimes are reported to police.",2026-09-28T00:00:00,,
crime-rates.source_note,default,"Source: FBI Crime Data Explorer, Uniform Crime Reporting Program.",2026-09-28T00:00:00,,
crime-rates.title,default,Crime reported to police,2026-09-28T00:00:00,,
diabetes-map.note,default,"Model-based estimates from CDC PLACES (2025 release, 2023 survey data). Classes are quantiles of tract values; gray tracts have no estimate. {tract_note}",2026-09-28T00:00:00,,
diabetes-map.source_note,default,"Source: CDC PLACES (2025 release), census tract estimates; U.S. Census Bureau cartographic boundary files.",2026-09-28T00:00:00,,
economic-security.title,default,Low income and income support,2026-09-28T00:00:00,,
economy.title,default,Economy,2026-09-28T00:00:00,,
education.note,default,"Dots are decennial census values (1970 to 2000) from the census long form, a sample, via IPUMS NHGIS; no margins of error are published for them, so they are not tested against other values. The line and bars are 5-year ACS estimates. {method_note}",2026-09-28T00:00:00,,
education.source_note,default,"Sources: {source_short}; decennial censuses via IPUMS NHGIS, University of Minnesota, www.nhgis.org.",2026-09-28T00:00:00,,
employment-ratio.note,default,"Dots are decennial census values (1970 to 2000) from the census long form, a sample, via IPUMS NHGIS; no margins of error are published for them, so they are not tested against other values. The line and bars are 5-year ACS estimates. {method_note}",2026-09-28T00:00:00,,
employment-ratio.source_note,default,"Sources: {source_short}; decennial censuses via IPUMS NHGIS, University of Minnesota, www.nhgis.org.",2026-09-28T00:00:00,,
environment.title,default,Natural hazards,2026-09-28T00:00:00,,
food-environment.note,default,"Published county values from the USDA Food Environment Atlas (July 2025 release); the Atlas has no state or national values for these measures. Low access means living more than 1 mile (urban areas) or 10 miles (rural areas) from a supermarket, supercenter or large grocery store (2019); low income is family income at or below 200% of the poverty level. Store and restaurant counts come from County Business Patterns (2020) and USDA's SNAP retailer records (2023), per 10,000 residents.",2026-09-28T00:00:00,,
food-environment.source_note,default,"Source: U.S. Department of Agriculture, Economic Research Service, Food Environment Atlas.",2026-09-28T00:00:00,,
food-environment.title,default,Food stores and access,2026-09-28T00:00:00,,
food.title,default,Food access,2026-09-28T00:00:00,,
getting-around.title,default,Commuting and vehicles,2026-09-28T00:00:00,,
government.title,default,Local government finances,2026-09-28T00:00:00,,
hazard-loss-mix.alt,default,Bar chart of the share of expected annual loss from each natural hazard for {area_short} and comparison areas. {summary_sentence},2026-09-28T00:00:00,,
hazard-loss-mix.caption,default,"Expected annual loss by hazard, {area_short} and comparison areas, {latest_period}",2026-09-28T00:00:00,,
hazard-loss-mix.source_note,default,"Source: FEMA National Risk Index, version 1.20 (December 2025), county data. This product uses the Federal Emergency Management Agency's National Risk Index downloadable datasets but is not endorsed by FEMA. The Federal Government or FEMA cannot vouch for the data or analyses derived from these data after the data have been retrieved from the Agency's website(s).",2026-09-28T00:00:00,,
hazard-loss-mix.title,default,Where expected losses come from,2026-09-28T00:00:00,,
hazard-loss-mix.y_label,default,Share of expected annual loss,2026-09-28T00:00:00,,
hazard-losses.note,default,"Modeled average yearly losses from 18 natural hazards to buildings, people (deaths and injuries valued in dollars) and agriculture, in December 2024 dollars. Values for states and the nation are sums of their counties; per-resident values use the 2020 census population.",2026-09-28T00:00:00,,
hazard-losses.source_note,default,"Source: FEMA National Risk Index, version 1.20 (December 2025), county data. This product uses the Federal Emergency Management Agency's National Risk Index downloadable datasets but is not endorsed by FEMA. The Federal Government or FEMA cannot vouch for the data or analyses derived from these data after the data have been retrieved from the Agency's website(s).",2026-09-28T00:00:00,,
hazard-losses.title,default,Expected losses from natural hazards,2026-09-28T00:00:00,,
hazard-risk.note,default,"Scores rank a county among all U.S. counties from 0 to 100: higher means more risk, more social vulnerability or, for resilience, more resilience. States and the nation have no score. The index is a planning-level screening tool, not a local risk assessment.",2026-09-28T00:00:00,,
hazard-risk.source_note,default,"Source: FEMA National Risk Index, version 1.20 (December 2025), county data. This product uses the Federal Emergency Management Agency's National Risk Index downloadable datasets but is not endorsed by FEMA. The Federal Government or FEMA cannot vouch for the data or analyses derived from these data after the data have been retrieved from the Agency's website(s).",2026-09-28T00:00:00,,
hazard-risk.title,default,Natural hazard risk scores,2026-09-28T00:00:00,,
health-behaviors.note,default,"Model-based estimates for adults 18 and over from CDC PLACES (2025 release, 2023 survey data); values are not age-adjusted. A state's value is the sum of its county estimates and has no margin of error. Values marked with an asterisk (*) are statistically different from {flag_reference} at the 90 percent confidence level; margins of error for the report's areas are in parentheses, in percentage points.",2026-09-28T00:00:00,,
health-behaviors.title,default,Health behaviors and checkups,2026-09-28T00:00:00,,
health-coverage.title,default,Health insurance and disability,2026-09-28T00:00:00,,
health-status.note,default,"Model-based estimates for adults 18 and over from CDC PLACES (2025 release, 2023 survey data); values are not age-adjusted. A state's value is the sum of its county estimates and has no margin of error. Values marked with an asterisk (*) are statistically different from {flag_reference} at the 90 percent confidence level; margins of error for the report's areas are in parentheses, in percentage points.",2026-09-28T00:00:00,,
health-status.title,default,Health status and disability among adults,2026-09-28T00:00:00,,
health.title,default,Health,2026-09-28T00:00:00,,
history-context.title,default,Historical context,2026-09-28T00:00:00,,
house-prices.title,default,House prices,2026-09-28T00:00:00,,
household-types.alt,default,Stacked bars showing the share of households of each type for {area_short} in each period. {summary_sentence},2026-09-28T00:00:00,,
household-types.caption,default,"Households by type, {area_short}, by 5-year survey period",2026-09-28T00:00:00,,
household-types.title,default,Household types,2026-09-28T00:00:00,,
household-types.y_label,default,Share of households,2026-09-28T00:00:00,,
housing-stock.title,default,Housing stock and vacancy,2026-09-28T00:00:00,,
housing-units-history.title,default,Housing units by census,2026-09-28T00:00:00,,
housing.title,default,Housing,2026-09-28T00:00:00,,
income-distribution.caption,default,"Share of households by income, {area_short} and {benchmark}, {latest_period}",2026-09-28T00:00:00,,
income-distribution.note,default,Bars show the share of households in each published income range; error bars show 90 percent margins of error. Dollars are not inflation-adjusted across areas because all areas share one period.,2026-09-28T00:00:00,,
income-distribution.title,default,Household income distribution,2026-09-28T00:00:00,,
income-distribution.x_label,default,Household income in the past 12 months ({latest_period} dollars),2026-09-28T00:00:00,,
income-distribution.y_label,default,Share of households,2026-09-28T00:00:00,,
income-map-lake.title,default,Household income within {area_short},2026-09-28T00:00:00,,
income-trend.note,default,"Dots are decennial census values for the year before each census (1979, 1989 and 1999 incomes), from the census long form, a sample, via IPUMS NHGIS; no margins of error are published for them, so they are not tested against other values. The line and bars are 5-year ACS estimates. {method_note}",2026-09-28T00:00:00,,
income-trend.source_note,default,"Sources: {source_short}; decennial censuses via IPUMS NHGIS, University of Minnesota, www.nhgis.org.",2026-09-28T00:00:00,,
industry-mix.alt,default,"Bar chart of the share of employed residents working in each industry for {area_short} and comparison areas, {latest_period}. {summary_sentence}",2026-09-28T00:00:00,,
industry-mix.caption,default,"Employed residents 16 and over by industry of their job, {area_short} and comparison areas, {latest_period}",2026-09-28T00:00:00,,
industry-mix.note,default,"Residents' jobs by industry, wherever the job is located; this is not a count of jobs in the area. {method_note}",2026-09-28T00:00:00,,
industry-mix.title,default,Industries where residents work,2026-09-28T00:00:00,,
industry-mix.y_label,default,Share of employed residents,2026-09-28T00:00:00,,
inequality.note,default,The Gini index ranges from 0 (every household has the same income) to 1 (one household has all income). {method_note},2026-09-28T00:00:00,,
inequality.title,default,Income inequality,2026-09-28T00:00:00,,
internet-access.title,default,Internet and computers,2026-09-28T00:00:00,,
intro.body,default,@prose/intro.md,2026-09-28T00:00:00,,Long prose lives in content/prose/intro.md
intro.body,profile:early-childhood,"This early childhood profile brings together data on young children, their families and child care in {area}. It separates different kinds of evidence: how many children may need care (estimated from parents' work), what care costs, and how much licensed care exists. These are different measures and should not be read as one another.",2026-09-28T00:00:00,,
intro.body,profile:economic-development,"This economic profile summarizes the economy of {area}: jobs and labor force, income, and housing, compared with {benchmark_list} and over time. Dollar values are adjusted for inflation where history is shown.",2026-09-28T00:00:00,,
jobs-industry-mix.alt,default,"Bar chart of the share of jobs located in {area_short} and comparison areas in each industry, {latest_period}. {summary_sentence}",2026-09-28T00:00:00,,
jobs-industry-mix.caption,default,"Paid employees by industry of the employer, {area_short} and comparison areas, {latest_period}",2026-09-28T00:00:00,,
jobs-industry-mix.source_note,default,"Source: U.S. Census Bureau, County Business Patterns.",2026-09-28T00:00:00,,
jobs-industry-mix.title,default,Industries of jobs located in the area,2026-09-28T00:00:00,,
jobs-industry-mix.y_label,default,Share of jobs,2026-09-28T00:00:00,,
jobs-long-history.caption,default,"Paid employees of establishments located in {area_short} (mid-March), County Business Patterns, {period_span}",2026-09-29T00:00:00,,
jobs-long-history.note,default,"Before 1998, County Business Patterns classified businesses by the Standard Industrial Classification (SIC); those years come from IPUMS NHGIS. From 1998 it uses NAICS. The two are drawn as separate lines and not joined. Jobs are counted where the establishments are, wherever the workers live. {method_note}",2026-09-29T00:00:00,,
jobs-long-history.prose,default,"County Business Patterns counts for {area_short} run from {first_observed_period} ({first_observed}) to {last_observed_period} ({last_observed}). {summary_sentence} {change_sentence}",2026-09-29T00:00:00,,
jobs-long-history.source_note,default,"Sources: {source_short}; County Business Patterns 1970-1997 via IPUMS NHGIS, University of Minnesota, www.nhgis.org.",2026-09-29T00:00:00,,
jobs-long-history.title,default,"Jobs over the long run",2026-09-29T00:00:00,,
jobs-long-history.y_label,default,"Paid employees (mid-March)",2026-09-29T00:00:00,,
jobs-trend.caption,default,"Paid employees at business establishments relative to {index_base} (index = 100), {area_and_benchmarks}",2026-09-28T00:00:00,,
jobs-trend.note,default,"Mid-March paid employees of establishments located in the area, wherever the workers live; excludes self-employed people and most government jobs. {method_note}",2026-09-28T00:00:00,,
jobs-trend.title,default,Jobs located in the area,2026-09-28T00:00:00,,
jobs-trend.y_label,default,Index ({index_base} = 100),2026-09-28T00:00:00,,
key-facts.title,default,Key facts,2026-09-28T00:00:00,,
labor-force.note,default,"Dots are decennial census values (1970 to 2000) from the census long form, a sample, via IPUMS NHGIS; no margins of error are published for them, so they are not tested against other values. The line and bars are 5-year ACS estimates. {method_note}",2026-09-28T00:00:00,,
labor-force.source_note,default,"Sources: {source_short}; decennial censuses via IPUMS NHGIS, University of Minnesota, www.nhgis.org.",2026-09-28T00:00:00,,
lake-map.title,default,Poverty within {area_short},2026-09-28T00:00:00,,
local-government-finance.note,default,"Values from the 2022 Census of Governments (fiscal year 2022){dollar_phrase}. County-government rows describe the county government only, not the cities, school districts or special districts in the county; city-government rows describe the city's own government. State, regional and national values sum all county (or city) governments. What these governments do differs widely between states (Connecticut has no county governments), so compare with care.",2026-09-28T00:00:00,,
local-government-finance.source_note,default,"Source: U.S. Census Bureau, 2022 Census of Governments: Finance, individual unit files.",2026-09-28T00:00:00,,
local-government-finance.title,default,County and city government finances,2026-09-28T00:00:00,,
locator.alt,default,Map showing the location of {area} within {context_label}.,2026-09-28T00:00:00,,
locator.caption,default,{area} (shaded) and its comparison areas,2026-09-28T00:00:00,,
locator.source_note,default,"Boundaries: U.S. Census Bureau cartographic boundary files, {vintage}.",2026-09-28T00:00:00,,
locator.title,default,Location,2026-09-28T00:00:00,,
occupation-mix.alt,default,"Stacked bars showing the share of employed residents in each occupation group for {area_short} and comparison areas, {latest_period}. {summary_sentence}",2026-09-28T00:00:00,,
occupation-mix.caption,default,"Employed residents 16 and over by occupation group, {area_short} and comparison areas, {latest_period}",2026-09-28T00:00:00,,
occupation-mix.title,default,Occupations of residents,2026-09-28T00:00:00,,
occupation-mix.y_label,default,Share of employed residents,2026-09-28T00:00:00,,
overview.title,default,Overview,2026-09-28T00:00:00,,
payroll-trend.note,default,"Before 1998, County Business Patterns used SIC industry codes (via IPUMS NHGIS); from 1998, NAICS. The two are drawn as separate lines and not joined. Values start in 1978, the first year of the price index used for constant dollars. {method_note}",2026-09-29T00:00:00,,
payroll-trend.source_note,default,"Sources: {source_short}; County Business Patterns 1978-1997 via IPUMS NHGIS, University of Minnesota, www.nhgis.org.",2026-09-29T00:00:00,,
payroll-trend.title,default,Payroll per employee,2026-09-28T00:00:00,,
pcpi-trend.caption,default,"Per capita personal income relative to the United States, {area_and_benchmarks}, {period_span}",2026-09-28T00:00:00,,
pcpi-trend.prose,default,"{summary_sentence} {relation_sentence} The chart shows each area's per capita personal income as a percentage of the U.S. figure in the same year, which removes the effect of inflation from the comparison.",2026-09-28T00:00:00,,
pcpi-trend.title,default,Per capita personal income,2026-09-28T00:00:00,,
pcpi-trend.y_label,default,Percent of the U.S. level (United States = 100),2026-09-28T00:00:00,,
people-characteristics.label.age_65plus_share_acs,default,Residents 65 and over,2026-09-28T00:00:00,,
people-characteristics.title,default,Selected characteristics of residents,2026-09-28T00:00:00,,
people.title,default,People,2026-09-28T00:00:00,,
per-capita-income.note,default,"Dots are decennial census values for the year before each census (1979, 1989 and 1999 incomes), from the census long form, a sample, via IPUMS NHGIS; no margins of error are published for them, so they are not tested against other values. The line and bars are 5-year ACS estimates. {method_note}",2026-09-28T00:00:00,,
per-capita-income.source_note,default,"Sources: {source_short}; decennial censuses via IPUMS NHGIS, University of Minnesota, www.nhgis.org.",2026-09-28T00:00:00,,
permits-trend.title,default,New housing authorized,2026-09-28T00:00:00,,
pop-estimates.caption,default,"Annual population estimates relative to {index_base} (index = 100), {area_short} and comparison areas",2026-09-28T00:00:00,,
pop-estimates.title,default,Population estimates since 2000,2026-09-28T00:00:00,,
pop-estimates.y_label,default,Index ({index_base} = 100),2026-09-28T00:00:00,,
pop-growth.caption,default,"Population relative to {index_base} (index = 100), {area_short} and comparison areas",2026-09-28T00:00:00,,
pop-growth.prose,default,"{summary_sentence} {change_sentence} {growth_sentence} Each line shows population relative to its {index_base} count, so areas of different size share one scale.",2026-09-28T00:00:00,,
pop-growth.title,default,Population growth compared,2026-09-28T00:00:00,,
pop-growth.y_label,default,Index ({index_base} = 100),2026-09-28T00:00:00,,
pop-history.caption,default,"Population of {area_short} by decennial census, {period_span}",2026-09-28T00:00:00,,
pop-history.title,default,Population by census,2026-09-28T00:00:00,,
pop-long-history.caption,default,"Population of {area_short}: census counts and annual estimates, {period_span}",2026-09-28T00:00:00,,
pop-long-history.note,default,"Census counts (points) use the boundaries in effect at each census. Annual estimates come from separately produced Census Bureau series, each on its own boundaries; they are drawn as separate lines and are not joined. {method_note}",2026-09-28T00:00:00,,
pop-long-history.prose,default,Census counts and estimates for {area_short} run from {first_observed_period} ({first_observed}) to {last_observed_period} ({last_observed}). {summary_sentence} {change_sentence},2026-09-28T00:00:00,,
pop-long-history.source_note,default,"Sources: {source_short}; census counts 1790-1990 via IPUMS NHGIS, University of Minnesota, www.nhgis.org; annual estimates, U.S. Census Bureau Population Estimates Program.",2026-09-29T00:00:00,,
pop-long-history.title,default,Population over the long run,2026-09-28T00:00:00,,
pop-long-history.y_label,default,Population,2026-09-28T00:00:00,,
poverty-trend.note,default,"Dots are decennial census values (1970 to 2000) from the census long form, a sample, via IPUMS NHGIS; no margins of error are published for them, so they are not tested against other values. The line and bars are 5-year ACS estimates. {method_note}",2026-09-28T00:00:00,,
poverty-trend.source_note,default,"Sources: {source_short}; decennial censuses via IPUMS NHGIS, University of Minnesota, www.nhgis.org.",2026-09-28T00:00:00,,
preschool-enrollment.note,default,"Enrollment in nursery school, preschool or kindergarten; it does not measure the supply or use of child care. {method_note}",2026-09-28T00:00:00,,
race-ethnicity.caption,default,"Residents by race and Hispanic origin, {area_short}",2026-09-28T00:00:00,,
race-ethnicity.note,default,"Race and Hispanic origin are self-identified. The Census Bureau improved question processing and coding from 2020, which raised the share reporting two or more races and lowered some single-race shares; part of any change across 2020 reflects measurement, so compare periods before and after 2020 with caution.",2026-09-28T00:00:00,,
race-ethnicity.title,default,Race and Hispanic origin,2026-09-28T00:00:00,,
rent-distribution.caption,default,"Share of renter households by monthly gross rent, {area_short} and {benchmark}, {latest_period}",2026-09-28T00:00:00,,
rent-distribution.note,default,Bars show the share of renter households paying cash rent in each published range; error bars show 90 percent margins of error.,2026-09-28T00:00:00,,
rent-distribution.title,default,Gross rent distribution,2026-09-28T00:00:00,,
rent-distribution.x_label,default,Monthly gross rent ({latest_period} dollars),2026-09-28T00:00:00,,
rent-distribution.y_label,default,Share of renter households,2026-09-28T00:00:00,,
report.subtitle,default,Community profile,2026-09-28T00:00:00,,
report.subtitle,profile:early-childhood,Early childhood profile,2026-09-28T00:00:00,,
report.subtitle,profile:economic-development,Economic profile,2026-09-28T00:00:00,,
report.title,default,{area},2026-09-28T00:00:00,,
safety.title,default,Public safety,2026-09-28T00:00:00,,
social-needs.note,default,"Model-based estimates for adults 18 and over from CDC PLACES (2025 release, 2023 survey data); values are not age-adjusted. A state's value is the sum of its county estimates and has no margin of error. Values marked with an asterisk (*) are statistically different from {flag_reference} at the 90 percent confidence level; margins of error for the report's areas are in parentheses, in percentage points. These questions were asked only in states that chose to use the survey's optional social needs module; a dash (–) means no estimate.",2026-09-28T00:00:00,,
social-needs.title,default,Social needs among adults,2026-09-28T00:00:00,,
sources.prose,default,"Geography, benchmarks and data sources used in this report. Retrieval times, request counts, software versions and every setting used are recorded in build.json next to this report.",2026-09-28T00:00:00,,
sources.title,default,Sources and methods,2026-09-28T00:00:00,,
transportation.title,default,Transportation and internet,2026-09-28T00:00:00,,
unemployment-trend.title,default,Unemployment rate,2026-09-28T00:00:00,,
violent-crime-trend.note,default,"{method_note} A county's line adds up every police agency the FBI lists in the county (a department serving several counties is divided by where its residents live; agencies placed in no county, such as most state police, are left out), so county values are approximate.",2026-09-28T00:00:00,,
violent-crime-trend.title,default,Violent crime over time,2026-09-28T00:00:00,,
voting.note,default,"Totals reported by election officials to the U.S. Election Assistance Commission for the general election, divided by the citizen population 18 and over (American Community Survey 5-year estimates ending in the election year). Registration can exceed 100% because voter rolls include people who have moved away or died; North Dakota has no voter registration. The national value covers the states that reported every election jurisdiction.",2026-09-28T00:00:00,,
voting.source_note,default,"Sources: U.S. Election Assistance Commission, Election Administration and Voting Survey; U.S. Census Bureau, American Community Survey 5-year estimates.",2026-09-28T00:00:00,,
voting.title,default,Voter registration and turnout,2026-09-28T00:00:00,,
working-parents.title,default,Young children whose parents all work,2026-09-28T00:00:00,,
working-parents.title,profile:early-childhood,Children under 6 with all parents in the labor force,2026-09-28T00:00:00,,
young-children.title,default,Young children,2026-09-28T00:00:00,,
jobs-and-workers.title,default,Jobs and employed residents,2026-09-29T00:00:00,,
jobs-and-workers.caption,default,"Primary jobs and employed residents, {area_short} and comparison areas, {latest_period}",2026-09-29T00:00:00,,
jobs-and-workers.note,default,"Primary jobs: each worker is counted once, at the job that paid them most in the second quarter. Jobs are counted where they are located and employed residents where they live. Above 100 jobs per 100 employed residents, the area draws workers from elsewhere. Earnings are monthly and not adjusted for inflation. LODES covers jobs insured by state unemployment insurance and most federal civilian jobs; it leaves out self-employed people and the military. The Census Bureau protects confidentiality by making the data partially synthetic.",2026-09-29T00:00:00,,
jobs-and-workers.source_note,default,"Source: U.S. Census Bureau, LEHD Origin-Destination Employment Statistics (LODES 8.4).",2026-09-29T00:00:00,,
primary-jobs-trend.title,default,"Jobs located in the area, including government",2026-09-29T00:00:00,,
primary-jobs-trend.caption,default,"Primary jobs located in the area relative to {index_base} (index = 100), {area_and_benchmarks}",2026-09-29T00:00:00,,
primary-jobs-trend.y_label,default,Index ({index_base} = 100),2026-09-29T00:00:00,,
primary-jobs-trend.note,default,"Primary jobs: each worker is counted once, at the job that paid them most in the second quarter. Counts jobs where they are located, wherever the workers live, including state and local government and, from 2010, most federal civilian jobs; leaves out self-employed people and the military. {method_note}",2026-09-29T00:00:00,,
jobs-per-resident-trend.title,default,Jobs per 100 employed residents,2026-09-29T00:00:00,,
jobs-per-resident-trend.note,default,"Primary jobs located in the area per 100 residents who have a job anywhere. Above 100, the area draws workers from elsewhere; below 100, more residents work than there are jobs in the area. {method_note}",2026-09-29T00:00:00,,
primary-jobs-industry-mix.title,default,"Industries of jobs located in the area, including government",2026-09-29T00:00:00,,
primary-jobs-industry-mix.caption,default,"Primary jobs by industry of the employer, {area_short} and comparison areas, {latest_period}",2026-09-29T00:00:00,,
primary-jobs-industry-mix.alt,default,"Bar chart of the share of primary jobs located in {area_short} and comparison areas in each industry, {latest_period}. {summary_sentence}",2026-09-29T00:00:00,,
primary-jobs-industry-mix.y_label,default,Share of jobs,2026-09-29T00:00:00,,
primary-jobs-industry-mix.note,default,"Primary jobs: each worker is counted once, at the job that paid them most in the second quarter. Unlike County Business Patterns, LODES includes government jobs, classified by what the employer does (public schools under educational services, for example).",2026-09-29T00:00:00,,
primary-jobs-industry-mix.source_note,default,"Source: U.S. Census Bureau, LEHD Origin-Destination Employment Statistics (LODES 8.4).",2026-09-29T00:00:00,,
job-earnings-mix.title,default,Earnings of jobs located in the area,2026-09-29T00:00:00,,
job-earnings-mix.caption,default,"Primary jobs by monthly earnings, {area_short} and comparison areas, {latest_period}",2026-09-29T00:00:00,,
job-earnings-mix.alt,default,"Bar chart of the share of primary jobs located in {area_short} and comparison areas in each monthly earnings band, {latest_period}. {summary_sentence}",2026-09-29T00:00:00,,
job-earnings-mix.y_label,default,Share of jobs,2026-09-29T00:00:00,,
job-earnings-mix.note,default,"Primary jobs: each worker is counted once, at the job that paid them most in the second quarter. The earnings bands have been fixed in dollars since 2002 and are not adjusted for inflation, so compare areas within a year rather than over time. Part-time work counts at its actual earnings.",2026-09-29T00:00:00,,
job-earnings-mix.source_note,default,"Source: U.S. Census Bureau, LEHD Origin-Destination Employment Statistics (LODES 8.4).",2026-09-29T00:00:00,,
jobs-per-resident-map.title,default,Jobs per 100 employed residents by census tract,2026-09-29T00:00:00,,
jobs-per-resident-map.note,default,"Primary jobs located in each tract per 100 of the tract's employed residents: darker tracts are job centers, lighter ones mostly residential. Classes are quantiles of tract values; gray tracts have no employed residents. {tract_note}",2026-09-29T00:00:00,,
jobs-per-resident-map.source_note,default,"Source: U.S. Census Bureau, LEHD Origin-Destination Employment Statistics (LODES 8.4), census blocks summed to tracts; cartographic boundary files.",2026-09-29T00:00:00,,
employer-jobs-pay.title,default,Jobs and pay at employers in the area,2026-09-29T00:00:00,,
employer-jobs-pay.caption,default,"Jobs, establishments and average annual pay, {area_short} and comparison areas, {latest_period}",2026-09-29T00:00:00,,
employer-jobs-pay.note,default,"Jobs at employers covered by unemployment insurance, counted where the jobs are located, wherever the workers live; a person with two jobs counts twice. Self-employed people and the military are not included. Includes government jobs. Average pay is total wages divided by the average number of jobs, so part-time jobs lower it{dollar_phrase}.",2026-09-29T00:00:00,,
employer-jobs-pay.source_note,default,"Source: U.S. Bureau of Labor Statistics, Quarterly Census of Employment and Wages.",2026-09-29T00:00:00,,
pay-per-job-trend.title,default,Average pay per job,2026-09-29T00:00:00,,
pay-per-job-trend.note,default,"Total annual wages paid by employers in the area divided by their average number of jobs, including government; part-time jobs and the mix of industries shape it. {method_note}",2026-09-29T00:00:00,,
jobs-by-ownership-industry.title,default,Jobs by industry and level of government,2026-09-29T00:00:00,,
jobs-by-ownership-industry.caption,default,"Jobs at private employers by industry and at government by level, {area_short} and comparison areas, {latest_period}",2026-09-29T00:00:00,,
jobs-by-ownership-industry.alt,default,"Bar chart of the share of jobs at employers in {area_short} and comparison areas in each private industry and level of government, {latest_period}. {summary_sentence}",2026-09-29T00:00:00,,
jobs-by-ownership-industry.y_label,default,Share of jobs,2026-09-29T00:00:00,,
jobs-by-ownership-industry.note,default,"Jobs at employers covered by unemployment insurance, counted where the jobs are located, wherever the workers live; a person with two jobs counts twice. Self-employed people and the military are not included. Industry bars count private employers only; public schools and hospitals are in the government bars. A missing bar means BLS withheld the value to protect an employer's data. {method_note}",2026-09-29T00:00:00,,
jobs-by-ownership-industry.source_note,default,"Source: U.S. Bureau of Labor Statistics, Quarterly Census of Employment and Wages.",2026-09-29T00:00:00,,
childcare-pay.title,default,"Child care employers, jobs and pay",2026-09-29T00:00:00,,
childcare-pay.caption,default,"Private child day care employers, their jobs and pay, {area_short} and comparison areas, {latest_period}",2026-09-29T00:00:00,,
childcare-pay.note,default,"Private establishments in child day care services (NAICS 624410) with employees covered by unemployment insurance. They are employers, not licensed slots: home-based providers without employees and publicly run programs are not counted. Average pay is total wages divided by the average number of jobs, so part-time jobs, common in child care, lower it{dollar_phrase}. A missing value means BLS withheld it to protect an employer's data.",2026-09-29T00:00:00,,
childcare-pay.source_note,default,"Source: U.S. Bureau of Labor Statistics, Quarterly Census of Employment and Wages.",2026-09-29T00:00:00,,
childcare-pay-trend.title,default,Pay in child day care,2026-09-29T00:00:00,,
childcare-pay-trend.note,default,Total annual wages of private child day care employers divided by their average number of jobs; part-time jobs lower it. {method_note},2026-09-29T00:00:00,,
gdp-summary.title,default,Economic output (GDP),2026-09-29T00:00:00,,
gdp-summary.caption,default,"Gross domestic product and GDP per resident, {area_short} and comparison areas, {latest_period}",2026-09-29T00:00:00,,
gdp-summary.note,default,"GDP is the value added by everything produced in the area, by businesses, government and nonprofits, wherever the workers live. GDP per resident is high where many workers commute in, so it is not a measure of residents' income (see per capita personal income){dollar_phrase}.",2026-09-29T00:00:00,,
gdp-summary.source_note,default,"Source: U.S. Bureau of Economic Analysis, GDP by county.",2026-09-29T00:00:00,,
real-gdp-trend.title,default,Growth of the economy,2026-09-29T00:00:00,,
real-gdp-trend.caption,default,"Real GDP relative to {index_base} (index = 100), {area_and_benchmarks}",2026-09-29T00:00:00,,
real-gdp-trend.y_label,default,Index ({index_base} = 100),2026-09-29T00:00:00,,
real-gdp-trend.note,default,"Growth of output adjusted for price changes, from BEA's real GDP index, rebased to the first year shown. The indexes of several areas cannot be combined, so combined areas and Census regions have no line. {method_note}",2026-09-29T00:00:00,,
real-gdp-trend.source_note,default,"Source: U.S. Bureau of Economic Analysis, GDP by county.",2026-09-29T00:00:00,,
gdp-industry-mix.title,default,Industries' shares of the economy,2026-09-29T00:00:00,,
gdp-industry-mix.caption,default,"Shares of GDP by industry group, {area_short} and comparison areas, {latest_period}",2026-09-29T00:00:00,,
gdp-industry-mix.alt,default,"Bar chart of the share of GDP produced by each industry group in {area_short} and comparison areas, {latest_period}. {summary_sentence}",2026-09-29T00:00:00,,
gdp-industry-mix.y_label,default,Share of GDP,2026-09-29T00:00:00,,
gdp-industry-mix.note,default,Value added by each industry group in current dollars. A missing bar means BEA withheld the value to avoid disclosing confidential information. {method_note},2026-09-29T00:00:00,,
gdp-industry-mix.source_note,default,"Source: U.S. Bureau of Economic Analysis, GDP by county.",2026-09-29T00:00:00,,
nonemployer-summary.title,default,Self-employment: businesses without employees,2026-09-29T00:00:00,,
nonemployer-summary.caption,default,"Businesses without employees, {area_short} and comparison areas, {latest_period}",2026-09-29T00:00:00,,
nonemployer-summary.note,default,"Businesses without paid employees, mostly self-employed people filing as sole proprietors; one person can own several, and many are side businesses. They are located by the owner's mailing address. Receipts are revenue before expenses, not the owners' income{dollar_phrase}.",2026-09-29T00:00:00,,
nonemployer-summary.source_note,default,"Source: U.S. Census Bureau, Nonemployer Statistics.",2026-09-29T00:00:00,,
nonemployer-trend.title,default,Growth of businesses without employees,2026-09-29T00:00:00,,
nonemployer-trend.caption,default,"Businesses without employees relative to {index_base} (index = 100), {area_and_benchmarks}",2026-09-29T00:00:00,,
nonemployer-trend.y_label,default,Index ({index_base} = 100),2026-09-29T00:00:00,,
nonemployer-trend.note,default,"Businesses without paid employees, mostly self-employed people filing as sole proprietors; one person can own several, and many are side businesses. They are located by the owner's mailing address. {method_note}",2026-09-29T00:00:00,,
nonemployer-trend.source_note,default,"Source: U.S. Census Bureau, Nonemployer Statistics.",2026-09-29T00:00:00,,
nonemployer-industry-mix.title,default,Industries of businesses without employees,2026-09-29T00:00:00,,
nonemployer-industry-mix.caption,default,"Businesses without employees by industry, {area_short} and comparison areas, {latest_period}",2026-09-29T00:00:00,,
nonemployer-industry-mix.alt,default,"Bar chart of the share of businesses without employees in each industry for {area_short} and comparison areas, {latest_period}. {summary_sentence}",2026-09-29T00:00:00,,
nonemployer-industry-mix.y_label,default,Share of businesses without employees,2026-09-29T00:00:00,,
nonemployer-industry-mix.note,default,"Businesses without paid employees, mostly self-employed people filing as sole proprietors; one person can own several, and many are side businesses. They are located by the owner's mailing address. Ride-hailing and delivery drivers are counted in transportation and warehousing. A missing bar means the Census Bureau withheld the value. {method_note}",2026-09-29T00:00:00,,
nonemployer-industry-mix.source_note,default,"Source: U.S. Census Bureau, Nonemployer Statistics.",2026-09-29T00:00:00,,
childcare-nonemployers.title,default,Home-based child care businesses,2026-09-29T00:00:00,,
childcare-nonemployers.caption,default,"Child care businesses without employees, {area_short} and comparison areas, {latest_period}",2026-09-29T00:00:00,,
childcare-nonemployers.note,default,"Child day care businesses without paid employees (NAICS 62441), mostly providers caring for children in their homes. They are businesses, not licensed slots, and include care that is not regulated. Receipts are revenue before expenses, not the provider's income{dollar_phrase}.",2026-09-29T00:00:00,,
childcare-nonemployers.source_note,default,"Source: U.S. Census Bureau, Nonemployer Statistics.",2026-09-29T00:00:00,,
childcare-nonemployer-trend.title,default,Home-based child care businesses over time,2026-09-29T00:00:00,,
childcare-nonemployer-trend.note,default,"Child day care businesses without paid employees, mostly home-based providers; not licensed slots. {method_note}",2026-09-29T00:00:00,,
childcare-nonemployer-trend.source_note,default,"Source: U.S. Census Bureau, Nonemployer Statistics.",2026-09-29T00:00:00,,
