type,label,geoid_format,example,study_area,union_member,benchmark,subarea,name_lookup,relationships,status,notes
nation,United States,US,us,yes,no,yes,no,yes,contains all states in scope (50 states + DC),supported,"National totals cover the 50 states and DC. Puerto Rico and the Island Areas are outside U.S. totals in ACS, PEP, BEA and LAUS."
region,Census region,1 digit,region:3,yes,yes,yes,no,yes,state -> region from catalog/geo_states.csv (verified by summing state totals),supported,Puerto Rico and Island Areas are not in any Census region.
division,Census division,1 digit,division:7,yes,yes,optional,no,yes,state -> division from catalog/geo_states.csv,supported,Benchmark only when benchmark_levels includes division.
state,State or equivalent,2 digits,state:18,yes,yes,yes,yes,yes,exact nesting by FIPS prefix,supported,DC and Puerto Rico are state-equivalents; Puerto Rico has no region and is not in the U.S. total.
county,County or equivalent,5 digits,county:18089,yes,yes,yes,yes,yes,exact nesting in state; intersection with places from ACS place-by-county parts (summary level 155),supported,"Includes parishes, boroughs, census areas, independent cities and (from 2022) Connecticut planning regions."
place,Census place (incorporated place or CDP),7 digits,place:1827000,yes,yes,no,no,yes,within one state; counties intersected from ACS place-by-county parts with published population,supported,Places may cross county lines; distinct places never overlap.
place_part,Part of a place within one county,place-county (7-5 digits),place_part:4805000-48491,no,internal,no,no,no,exact: one place and one county,supported,Used internally to resolve unions of a place with a county without double counting (ACS summary level 155).
cousub,County subdivision (MCD/CCD),10 digits,cousub:0911001080,yes,yes,no,yes,state-scoped,exact nesting in county,partial,"Data via ACS; relations to places are not published by the Census API, so unions mixing county subdivisions and places are rejected."
tract,Census tract,11 digits,tract:18089010100,yes,yes,no,yes,no,exact nesting in county; place intersections from boundary files (area only),partial,Tract boundaries were redrawn for 2020; tract histories across the 2020 redraw are not harmonized.
bg,Block group,12 digits,bg:180890101001,yes,yes,no,yes,no,exact nesting in tract,partial,Large margins of error; intended for maps within a study area.
zcta,ZIP Code Tabulation Area,5 digits,zcta:78704,yes,yes,no,no,no,intersections with counties and places from the 2020 relationship files (land area),partial,"ZCTAs approximate USPS ZIP Code service areas; they are not postal ZIP codes. Unions with overlapping places or counties are rejected (no published parts)."
cbsa,Metropolitan or micropolitan statistical area,5 digits,cbsa:12420,yes,yes,optional,no,yes,union of whole counties (OMB delineation used by the ACS release),partial,Delineations change; each ACS release uses the delineation current for its reference year.
sdu,Unified school district,7 digits,sdu:4808130,yes,no,no,no,state-scoped,within one state; other relations not implemented,planned,Elementary and secondary districts overlap unified districts in some states; not yet supported in unions.
custom,Custom polygon,n/a,n/a,no,no,no,no,no,n/a,extension,"Not supported in this release: statistics for arbitrary polygons need allocation from small areas, which must be explicitly enabled and labeled. Documented extension point."
