"metric_id","subject_id","subtopic_id","label","definition","source_id","table_or_series","variables","universe","units","measure_basis","stat_type","aggregation","uncertainty","geo_levels","periods","frequency","history_start","comparable_span","breaks","suppression","comparisons","viz","limitations","doc_url"
"unemployment_rate_laus","employment_labor","unemployment","Unemployment rate (LAUS)","Unemployed persons as a percent of the civilian labor force age 16+, by place of residence.","bls_laus","LAU{area_code}03, e.g., LAUCN180890000000003 (Lake County IN), LAUCT182700000000003 (Gary city IN), LAUST180000000000003 (Indiana), LAURD920000000000003 (Midwest region)","measure_code 03; seasonal U (S also for states, regions, divisions and some metros); period M13 = annual average","Civilian labor force age 16+","percent (1 decimal)","resident","rate","recompute_from_components","modeled_no_published_error","region;division;state;cbsa;csa;county;place;cousub","monthly; annual average (M13)","monthly","1976 (states, regions, divisions); 1990 (counties, metros, most cities)","1990-2025 for counties and metros on 2025 geography; 1976-2025 for states","2015 redesign (substate revised back to 2010 only); March 2025 re-estimation on OMB 2023 geography with CT planning regions carried back to 1990; Oct 2025 missing and 2025 annual average is an 11-month average (footnote G)","None; '-' with footnote X for Oct 2025","parents;time","line;map;dot","For aggregates recompute as sum(measure 04) / sum(measure 06); city values are disaggregated from counties; no error measures published.","https://download.bls.gov/pub/time.series/la/la.txt"
"unemployed_persons_laus","employment_labor","unemployment","Unemployed persons (LAUS)","Residents age 16+ with no job who were available for and actively seeking work (CPS concept), estimated for the area.","bls_laus","LAU{area_code}04, e.g., LAUCN180890000000004","measure_code 04; period M13 = annual average","Civilian noninstitutional population age 16+","persons","resident","count","sum","modeled_no_published_error","region;division;state;cbsa;csa;county;place;cousub","monthly; annual average (M13)","monthly","1976 (states); 1990 (counties, metros, most cities)","1990-2025 (counties, metros); 1976-2025 (states)","Same as unemployment_rate_laus","None; '-' with footnote X for Oct 2025","parents;time","line;bar","Sum only non-overlapping areas (cities and city parts overlap counties).","https://download.bls.gov/pub/time.series/la/la.txt"
"employed_persons_laus","employment_labor","labor_force","Employed persons (LAUS)","Residents age 16+ who worked during the reference week (CPS concept), estimated for the area.","bls_laus","LAU{area_code}05, e.g., LAUCT480500000000005 (Austin city TX)","measure_code 05; period M13 = annual average","Civilian noninstitutional population age 16+","persons","resident","count","sum","modeled_no_published_error","region;division;state;cbsa;csa;county;place;cousub","monthly; annual average (M13)","monthly","1976 (states); 1990 (counties, metros, most cities)","1990-2025 (counties, metros); 1976-2025 (states)","Same as unemployment_rate_laus","None; '-' with footnote X for Oct 2025","parents;time","line","Counts employed residents (by residence), not jobs in the area.","https://download.bls.gov/pub/time.series/la/la.txt"
"civilian_labor_force_laus","employment_labor","labor_force","Civilian labor force (LAUS)","Employed plus unemployed residents age 16+.","bls_laus","LAU{area_code}06, e.g., LAUCN484530000000006 (Travis County TX)","measure_code 06; period M13 = annual average","Civilian noninstitutional population age 16+","persons","resident","count","sum","modeled_no_published_error","region;division;state;cbsa;csa;county;place;cousub","monthly; annual average (M13)","monthly","1976 (states); 1990 (counties, metros, most cities)","1990-2025 (counties, metros); 1976-2025 (states)","Same as unemployment_rate_laus","None; '-' with footnote X for Oct 2025","parents;time","line","Level shifts can reflect population-control and method updates rather than real change.","https://download.bls.gov/pub/time.series/la/la.txt"
"labor_force_participation_rate_laus","employment_labor","labor_force","Labor force participation rate (LAUS)","Civilian labor force as a percent of the civilian noninstitutional population age 16+.","bls_laus","LAU{area_code}08, e.g., LAUST480000000000008 (Texas)","measure_code 08; population measure_code 09 (not seasonally adjusted only); period M13","Civilian noninstitutional population age 16+","percent (1 decimal)","resident","rate","recompute_from_components","modeled_no_published_error","state;other:New York city;other:Los Angeles-Long Beach-Glendale metropolitan division","monthly; annual average (M13)","monthly","1976","1976-2025","March 2025 intercensal population controls replaced published population series from 1976; Oct 2025 missing","None","parents;time","line;dot","Published only for states, DC and two modeled substate areas; not available for counties or most cities.","https://download.bls.gov/pub/time.series/la/la.txt"
"employment_population_ratio_laus","employment_labor","labor_force","Employment-population ratio (LAUS)","Employed persons as a percent of the civilian noninstitutional population age 16+.","bls_laus","LAU{area_code}07, e.g., LAUST290000000000007 (Missouri)","measure_code 07; period M13","Civilian noninstitutional population age 16+","percent (1 decimal)","resident","ratio","recompute_from_components","modeled_no_published_error","state;other:New York city;other:Los Angeles-Long Beach-Glendale metropolitan division","monthly; annual average (M13)","monthly","1976","1976-2025","Same as labor_force_participation_rate_laus","None","parents;time","line;dot","States and two modeled substate areas only.","https://download.bls.gov/pub/time.series/la/la.txt"
"unemployment_rate_cps","employment_labor","unemployment","Unemployment rate, United States (CPS)","National unemployment rate for the civilian population age 16+ from the Current Population Survey; the national comparator for LAUS areas.","bls_cps_ln","LNU04000000 (not seasonally adjusted; M13 annual average); LNS14000000 (seasonally adjusted)","period M13 = annual average (stored with the monthly NSA series)","Civilian labor force age 16+","percent (1 decimal)","resident","rate","not_aggregable","survey_se","nation","monthly; annual average (M13)","monthly","1947 (annual); 1948 (monthly)","1948-2025 (note January population-control adjustments)","Population controls updated each January; Oct 2025 not collected; 2025 annual average is an 11-month average (footnote 11)","'-' for unavailable data","time;subgroups","line","LAUS publishes no U.S. total; use this series for national comparisons.","https://download.bls.gov/pub/time.series/ln/ln.txt"
"labor_force_participation_rate_cps","employment_labor","labor_force","Labor force participation rate, United States (CPS)","Civilian labor force as a percent of the civilian noninstitutional population age 16+, national.","bls_cps_ln","LNU01300000 (NSA, M13 annual average)","period M13","Civilian noninstitutional population age 16+","percent (1 decimal)","resident","rate","not_aggregable","survey_se","nation","monthly; annual average (M13)","monthly","1947","1947-2025 (note January population-control adjustments)","Population controls updated each January; 2025 annual average excludes October","'-' for unavailable data","time;subgroups","line","National only.","https://download.bls.gov/pub/time.series/ln/ln.txt"
"employment_population_ratio_cps","employment_labor","labor_force","Employment-population ratio, United States (CPS)","Employed persons as a percent of the civilian noninstitutional population age 16+, national.","bls_cps_ln","LNU02300000 (NSA, M13 annual average)","period M13","Civilian noninstitutional population age 16+","percent (1 decimal)","resident","ratio","not_aggregable","survey_se","nation","monthly; annual average (M13)","monthly","1947","1947-2025 (note January population-control adjustments)","Population controls updated each January; 2025 annual average excludes October","'-' for unavailable data","time;subgroups","line","National only.","https://download.bls.gov/pub/time.series/ln/ln.txt"
"unemployment_rate_acs","employment_labor","unemployment","Unemployment rate (ACS)","Unemployed as a percent of the civilian labor force age 16+, from ACS employment status.","census_acs","B23025","B23025_005;B23025_003","Population age 16+ (civilian labor force)","percent","resident","rate","recompute_from_components","acs_moe","nation;region;division;state;county;cousub;place;tract;bg;zcta;cbsa;csa;sd;cd;puma","1-year (areas 65,000+); 5-year","annual","","Non-overlapping 5-year periods (e.g., 2015-2019 vs 2020-2024)","No standard 2020 1-year release; Connecticut planning regions replace counties in recent vintages","90% MOE published; 1-year only for areas of 65,000+","parents;time;within_area","map;bar;dot","Differs from LAUS/CPS in timing and design; use LAUS for current local rates and ACS for small areas and subgroups.","https://www2.census.gov/programs-surveys/acs/summary_file/2024/table-based-SF/documentation/ACS20245YR_Table_Shells.txt"
"labor_force_participation_rate_acs","employment_labor","labor_force","Labor force participation rate (ACS)","Population 16+ in the labor force (including Armed Forces) as a percent of population 16+.","census_acs","B23025","B23025_002;B23025_001","Population age 16+","percent","resident","rate","recompute_from_components","acs_moe","nation;region;division;state;county;cousub;place;tract;bg;zcta;cbsa;csa;sd;cd;puma","1-year (areas 65,000+); 5-year","annual","","Non-overlapping 5-year periods","No standard 2020 1-year release; Connecticut planning regions replace counties in recent vintages","90% MOE published","parents;time;within_area","map;bar;dot","Includes Armed Forces in the numerator; use B23025_003 for a civilian-only rate.","https://www2.census.gov/programs-surveys/acs/summary_file/2024/table-based-SF/documentation/ACS20245YR_Table_Shells.txt"
"employment_population_ratio_acs","employment_labor","labor_force","Employment-population ratio (ACS)","Civilian employed as a percent of population 16+.","census_acs","B23025","B23025_004;B23025_001","Population age 16+","percent","resident","ratio","recompute_from_components","acs_moe","nation;region;division;state;county;cousub;place;tract;bg;zcta;cbsa;csa;sd;cd;puma","1-year (areas 65,000+); 5-year","annual","","Non-overlapping 5-year periods","No standard 2020 1-year release; Connecticut planning regions replace counties in recent vintages","90% MOE published","parents;time;within_area","map;bar;dot","Age structure strongly affects the ratio; compare with age-specific tables (B23001) when possible.","https://www2.census.gov/programs-surveys/acs/summary_file/2024/table-based-SF/documentation/ACS20245YR_Table_Shells.txt"
"median_earnings_acs","employment_labor","wages_earnings","Median earnings of workers (ACS)","Median earnings in the past 12 months for the population 16+ with earnings; full-time, year-round medians are available only by sex in B20017 (no both-sexes full-time median).","census_acs","B20017","B20017_001 (total);B20017_003 (male full-time year-round);B20017_006 (female full-time year-round)","Population 16+ with earnings","dollars (final-year inflation-adjusted)","resident","median","median_from_distribution","acs_moe","nation;region;division;state;county;cousub;place;tract;bg;zcta;cbsa;csa;sd;cd;puma","1-year (areas 65,000+); 5-year","annual","","Non-overlapping periods after R-CPI-U-RS adjustment","Dollar year changes with each release; no standard 2020 1-year release","90% MOE published","parents;time;subgroups","dot;bar","For aggregated areas re-estimate from the earnings distribution (B20005), not by averaging medians.","https://www2.census.gov/programs-surveys/acs/summary_file/2024/table-based-SF/documentation/ACS20245YR_Table_Shells.txt"
"industry_of_employed_residents_acs","industries_business","industry_of_residents","Industry of employed residents (ACS)","Civilian employed residents 16+ by industry sector of their job wherever located. C24030 is split by sex, so both-sexes counts require male + female lines (female line = male line + 27; subsectors follow the same offset, e.g., health care 023+050); C24050_002-C24050_014 give both-sexes sector totals directly.","census_acs","C24030 (alternative C24050)","C24030_001;C24030_003+C24030_030 (agriculture, forestry, fishing, hunting, mining);C24030_006+C24030_033 (construction);C24030_007+C24030_034 (manufacturing);C24030_008+C24030_035 (wholesale trade);C24030_009+C24030_036 (retail trade);C24030_010+C24030_037 (transportation, warehousing, utilities);C24030_013+C24030_040 (information);C24030_014+C24030_041 (finance, insurance, real estate);C24030_017+C24030_044 (professional, scientific, management, administrative);C24030_021+C24030_048 (educational services, health care, social assistance);C24030_024+C24030_051 (arts, recreation, accommodation, food);C24030_027+C24030_054 (other services);C24030_028+C24030_055 (public administration);alternative C24050_002 to C24050_014","Civilian employed population 16+","persons; share of employed residents","resident","share","sum","acs_moe","nation;region;division;state;county;cousub;place;tract;bg;zcta;cbsa;csa;sd;cd;puma","1-year (areas 65,000+); 5-year","annual","","Non-overlapping 5-year periods","Census industry code lists are revised periodically; check category comparability","90% MOE published; C24050 not published for block groups","parents;time;distribution","stacked_bar;bar","Resident-based: describes where residents work by industry, not jobs located in the area (use QCEW, CBP or LODES WAC for local jobs); approximate MOEs of male+female sums with root-sum-of-squares.","https://www2.census.gov/programs-surveys/acs/summary_file/2024/table-based-SF/documentation/ACS20245YR_Table_Shells.txt"
"occupation_of_employed_residents_acs","employment_labor","occupations","Occupation of employed residents (ACS)","Civilian employed residents 16+ by major occupation group. C24010 is split by sex: male detail lines 003-037 pair with female lines 039-073 (offset +36); C24050 block headers give both-sexes group totals.","census_acs","C24010 (alternative C24050)","C24010_001;C24010_003+C24010_039 (management, business, science, arts);C24010_019+C24010_055 (service);C24010_027+C24010_063 (sales and office);C24010_030+C24010_066 (natural resources, construction, maintenance);C24010_034+C24010_070 (production, transportation, material moving);alternative C24050_015, C24050_029, C24050_043, C24050_057, C24050_071","Civilian employed population 16+","persons; share of employed residents","resident","share","sum","acs_moe","nation;region;division;state;county;cousub;place;tract;bg;zcta;cbsa;csa;sd;cd;puma","1-year (areas 65,000+); 5-year","annual","","Non-overlapping 5-year periods","Census occupation code lists are revised periodically; check category comparability","90% MOE published","parents;time;distribution","stacked_bar;bar","Resident-based; approximate MOEs of male+female sums with root-sum-of-squares.","https://www2.census.gov/programs-surveys/acs/summary_file/2024/table-based-SF/documentation/ACS20245YR_Table_Shells.txt"
"covered_employment_qcew","industries_business","industry_employment","Covered employment, all industries (QCEW)","Annual average of monthly employment in UI/UCFE-covered jobs located in the area, all ownerships.","bls_qcew","Area slice {year}/a/area/{area_code}.csv; own_code 0, industry_code 10, size_code 0 (agglvl_code 70 county, 50 state, 40 MSA, 30 CSA, 10 U.S.)","annual_avg_emplvl (quarterly slices: month1_emplvl, month2_emplvl, month3_emplvl)","Jobs covered by state UI and federal UCFE programs","jobs","workplace","count","sum","administrative_no_sampling_error","nation;state;county;cbsa;csa","annual average; quarterly (monthly levels)","quarterly","1990 (NAICS basis; ownership totals from 1975)","1990-2025","Connecticut planning regions from 2024 (counties through 2023); MSA publication reduced to totals from 2025 Q2","disclosure_code N (values shown as 0)","parents;time","line;map;bar","Jobs by worksite, not residents; excludes work not covered by UI/UCFE such as self-employment.","https://www.bls.gov/cew/about-data/downloadable-file-layouts/annual/naics-based-annual-layout.htm"
"establishments_qcew","industries_business","establishments","Establishments (QCEW)","Annual average number of establishments with UI/UCFE-covered employment in the area.","bls_qcew","Area slice {year}/a/area/{area_code}.csv; own_code 0 or 5, industry_code 10 or NAICS","annual_avg_estabs (quarterly: qtrly_estabs)","Establishments with covered employment","establishments","establishment","count","sum","administrative_no_sampling_error","nation;state;county;cbsa;csa","annual average; quarterly","quarterly","1990","1990-2025","Same as covered_employment_qcew","Establishment counts can remain visible when employment and wages are suppressed","parents;time","line;bar","Multi-establishment reporting practices affect counts; not comparable to CBP establishment counts.","https://www.bls.gov/cew/about-data/downloadable-file-layouts/annual/naics-based-annual-layout.htm"
"average_annual_pay_qcew","employment_labor","wages_earnings","Average annual pay per job (QCEW)","Total annual wages divided by annual average employment for covered jobs located in the area.","bls_qcew","Area slice {year}/a/area/{area_code}.csv; own_code 0 (or 5 for private), industry_code 10","avg_annual_pay;total_annual_wages;annual_avg_emplvl;annual_avg_wkly_wage","Jobs covered by state UI and federal UCFE programs","current dollars per job","workplace","dollars","recompute_from_components","administrative_no_sampling_error","nation;state;county;cbsa;csa","annual; quarterly (avg_wkly_wage)","quarterly","1990","1990-2025 (nominal)","Same as covered_employment_qcew","disclosure_code N (values shown as 0)","parents;time;within_area","line;dot","Pay per job, not per worker; affected by part-time share and industry mix; nominal dollars (adjust with CPI-U or R-CPI-U-RS).","https://www.bls.gov/cew/about-data/downloadable-file-layouts/annual/naics-based-annual-layout.htm"
"employment_by_industry_qcew","industries_business","industry_employment","Employment by industry (QCEW)","Annual average covered employment by NAICS sector or supersector; private sector (own_code 5) with government by ownership.","bls_qcew","Area slice {year}/a/area/{area_code}.csv; county private NAICS sectors agglvl_code 74 (supersectors 73); government own_code 1, 2, 3 at agglvl_code 71","annual_avg_emplvl by industry_code (e.g., 31-33 manufacturing, 62 health care)","Covered jobs","jobs; share of covered jobs","workplace","share","sum","administrative_no_sampling_error","nation;state;county;cbsa;csa","annual average; quarterly","quarterly","1990 (NAICS)","1990-2025","SIC to NAICS (NAICS history before 2001 reconstructed); MSA industry detail not published from 2025 Q2","Many detailed cells flagged N (786 of 1,773 rows for Lake County IN 2025)","parents;time;distribution","stacked_bar;bar","Suppressed sectors must be shown as not disclosed, not zero.","https://www.bls.gov/cew/about-data/downloadable-file-layouts/annual/naics-based-annual-layout.htm"
"employment_location_quotient_qcew","industries_business","industry_employment","Employment location quotient by industry (QCEW)","Industry share of local covered employment divided by the same share for the U.S.","bls_qcew","Area slice {year}/a/area/{area_code}.csv","lq_annual_avg_emplvl (also lq_avg_annual_pay, lq_annual_avg_estabs); lq_disclosure_code","Covered jobs","ratio (U.S. = 1.00)","workplace","ratio","not_aggregable","administrative_no_sampling_error","state;county;cbsa;csa","annual; quarterly","quarterly","","2014-2025 in open-data slices","Same as employment_by_industry_qcew","lq_disclosure_code N","parents;time;distribution","bar;dot","Relative specialization only; unstable for small industries.","https://www.bls.gov/cew/about-data/downloadable-file-layouts/annual/naics-based-annual-layout.htm"
"nonfarm_payroll_jobs_ces","industries_business","industry_employment","Nonfarm payroll jobs (CES State and Area)","Monthly estimate of nonfarm payroll jobs located in the state or metro area, total and by industry where published.","bls_ces_sae","SM{U|S}{state 2}{area 5}{industry 8}{data type 2}, e.g., SMU18294140000000001 (total nonfarm, Lake County-Porter County-Jasper County IN Metro Division, NSA)","data_type 01 (all employees, thousands); industry 00000000 = total nonfarm; period M13 = annual average","Nonfarm payroll jobs","thousands of jobs","workplace","count","sum","none_published","state;cbsa;other:metropolitan divisions","monthly; annual average (M13)","monthly","1939 (state totals); 1990 (most metro series)","1990-2025 (metro), as benchmarked","Annual benchmark revisions; OMB metro delineation updates","Series published only where supported","parents;time","line","No county estimates; recent months preliminary.","https://download.bls.gov/pub/time.series/sm/sm.txt"
"occupational_employment_oews","employment_labor","occupations","Employment by occupation (OEWS)","Estimated wage-and-salary employment by detailed occupation (SOC) in the area, May reference period.","bls_oews","OEU{area type}{area 7}{industry 6}{occupation 6}01, e.g., OEUM001018000000000000001","datatype 01 (employment); 02 (employment RSE); 16 (per 1,000 jobs); 17 (location quotient)","Nonfarm wage and salary jobs (excludes self-employed)","jobs","workplace","count","sum","survey_se","nation;state;cbsa;other:nonmetropolitan areas","annual (May)","annual","","Single release in time.series files (May 2025)","Occupation (SOC) and area definition changes; BLS cautions against time-series use","Footnote 8 estimate not released","parents;distribution","bar;table","Not designed for trends; no county data; excludes self-employed.","https://www.bls.gov/oes/oes_ques.htm"
"median_annual_wage_oews","employment_labor","wages_earnings","Median annual wage by occupation (OEWS)","Median annual wage for an occupation in the area (hourly median x 2,080 where hourly wages are published).","bls_oews","OEU{area type}{area 7}{industry 6}{occupation 6}13","datatype 13 (annual median); 08 (hourly median); 11, 12, 14, 15 (annual percentiles)","Nonfarm wage and salary jobs in the occupation","current dollars","workplace","median","not_aggregable","survey_se","nation;state;cbsa;other:nonmetropolitan areas","annual (May)","annual","","Single release in time.series files (May 2025)","Wage data from older panels are aged to the current reference period","Top-coded at $115.00/hour or $239,200/year (footnote 5); footnote 8 estimate not released","parents;distribution","dot;bar;table","Not designed for trends.","https://www.bls.gov/oes/oes_ques.htm"
"mean_annual_wage_oews","employment_labor","wages_earnings","Mean annual wage by occupation (OEWS)","Mean annual wage for an occupation in the area.","bls_oews","OEU{area type}{area 7}{industry 6}{occupation 6}04","datatype 04 (annual mean); 03 (hourly mean); 05 (wage RSE)","Nonfarm wage and salary jobs in the occupation","current dollars","workplace","mean","weighted_mean","survey_se","nation;state;cbsa;other:nonmetropolitan areas","annual (May)","annual","","Single release in time.series files (May 2025)","Same as median_annual_wage_oews","Footnote 8 estimate not released","parents;distribution","dot;bar;table","Weight by occupational employment (datatype 01) when combining.","https://www.bls.gov/oes/oes_ques.htm"
"personal_income_bea","income_poverty_hardship","personal_income","Personal income (BEA)","Total income received by or on behalf of residents: earnings, dividends/interest/rent and transfer receipts, less social insurance contributions, plus residence adjustment.","bea_cainc","CAINC1 LineCode 1","LineCode 1 (thousands of current dollars)","All residents","thousands of current dollars","resident","dollars","sum","modeled_no_published_error","nation;state;county;other:BEA regions (8);other:Virginia combination areas","annual","annual","1969","1969-2024 (Connecticut: counties 1969-2023, planning regions 2024 only)","Connecticut geography switch in 2024; Alaska area changes; Broomfield CO from 2002","(NA) not available","parents;time","line;bar","Current dollars; BEA U.S. total is the sum of states and DC.","https://apps.bea.gov/regional/downloadzip.htm"
"per_capita_personal_income_bea","income_poverty_hardship","per_capita_income","Per capita personal income (BEA, counties)","Personal income divided by BEA midyear resident population.","bea_cainc","CAINC1 LineCode 3 (= LineCode 1 x 1,000 / LineCode 2)","LineCode 3 (dollars); components LineCode 1 (thousands of dollars) and LineCode 2 (persons)","All residents","current dollars per person","resident","per_capita","recompute_from_components","modeled_no_published_error","nation;state;county;other:BEA regions (8);other:Virginia combination areas","annual","annual","1969","1969-2024 (Connecticut counties through 2023)","Same as personal_income_bea; population vintage changes each release","(NA) not available","parents;time","line;map;dot","Aggregate by summing LineCodes 1 and 2 before dividing; includes income not available to households (e.g., employer insurance contributions).","https://apps.bea.gov/regional/downloadzip.htm"
"per_capita_personal_income_state_bea","income_poverty_hardship","per_capita_income","Per capita personal income (BEA, states)","State personal income divided by midyear population.","bea_sainc","SAINC1 LineCode 3","LineCode 3 (dollars); LineCode 1 (millions of dollars); LineCode 2 (persons)","All residents","current dollars per person","resident","per_capita","recompute_from_components","modeled_no_published_error","nation;state;other:BEA regions (8)","annual","annual","1929 (Alaska and Hawaii 1950)","1929-2025","Revisions each release; population vintage differs from the county (CAINC1) release","(NA) not available","parents;time","line","Use one release for both state and county values when showing parents together.","https://apps.bea.gov/regional/downloadzip.htm"
"real_per_capita_personal_income_state_bea","income_poverty_hardship","per_capita_income","Real per capita personal income (BEA, states)","State per capita personal income in constant 2017 dollars, adjusted for regional price levels and inflation using BEA's real personal income method.","bea_rpp","SARPI LineCode 2 (SARPP.zip, file SARPI_STATE_2008_2024.csv)","LineCode 2 (constant 2017 dollars); LineCode 1 real personal income (millions of 2017 dollars)","All residents","constant 2017 dollars per person","resident","per_capita","not_aggregable","modeled_no_published_error","nation;state","annual","annual","2008","2008-2024 (single release)","Whole series revised each release","(NA) where applicable","parents;time","line;dot","States only; mixes spatial and temporal price adjustment.","https://www.bea.gov/data/prices-inflation/regional-price-parities-state-and-metro-area"
"transfer_receipts_share_bea","income_poverty_hardship","personal_income","Personal current transfer receipts as share of personal income (BEA)","Government transfer receipts (Social Security, Medicare, Medicaid, income maintenance, unemployment insurance, veterans and other) as a percent of personal income.","bea_cainc","CAINC30 LineCode 50 / LineCode 10","LineCode 50 (transfer receipts); LineCode 10 (personal income); LineCode 130 (per capita transfers)","All residents","percent of personal income","resident","share","recompute_from_components","modeled_no_published_error","nation;state;county;other:BEA regions (8);other:Virginia combination areas","annual","annual","1969","1969-2024","Same as personal_income_bea","(NA) not available","parents;time;within_area","line;bar","Includes Medicare/Medicaid in-kind benefits, so it is not a poverty indicator by itself.","https://apps.bea.gov/regional/downloadzip.htm"
"income_maintenance_benefits_per_capita_bea","income_poverty_hardship","public_assistance","Income maintenance benefits per capita (BEA)","Income maintenance benefits (largely SSI, EITC, family assistance, general assistance, WIC, SNAP and other assistance) per resident.","bea_cainc","CAINC30 LineCode 140 (per capita); LineCode 60 (total)","LineCode 140; LineCode 60; LineCode 100 (population)","All residents","current dollars per person","resident","per_capita","recompute_from_components","modeled_no_published_error","nation;state;county;other:BEA regions (8);other:Virginia combination areas","annual","annual","1969","1969-2024","Program changes (e.g., SNAP, EITC) shift levels; Connecticut geography switch 2024","(NA) not available","parents;time","line;dot","Program dollars, not recipients; nominal dollars.","https://apps.bea.gov/regional/downloadzip.htm"
"earnings_by_place_of_work_bea","employment_labor","wages_earnings","Earnings by place of work (BEA)","Wages and salaries, supplements and proprietors' income earned in the county's jobs, before residence adjustment.","bea_cainc","CAINC4 LineCode 35 (wages and salaries LineCode 50; proprietors' income LineCode 70)","LineCode 35; LineCode 50; LineCode 60; LineCode 70; LineCode 42 (adjustment for residence)","Jobs located in the county (earnings)","thousands of current dollars","workplace","dollars","sum","modeled_no_published_error","nation;state;county;other:BEA regions (8);other:Virginia combination areas","annual","annual","1969","1969-2024","Same as personal_income_bea","(NA) not available","parents;time","line;bar","Workplace-based complement to resident personal income; the residence adjustment (LineCode 42) shows net commuter earnings flow.","https://apps.bea.gov/regional/downloadzip.htm"
"earnings_by_industry_bea","employment_labor","wages_earnings","Earnings by NAICS industry (BEA)","Earnings by place of work by NAICS industry (e.g., LineCode 1000 finance and insurance; 2000 government and government enterprises).","bea_cainc","CAINC5N (2001-); CAINC5S (SIC, earlier years)","Industry LineCodes per CAINC5N definition file","Jobs located in the county (earnings)","thousands of current dollars","workplace","dollars","sum","modeled_no_published_error","nation;state;county;other:BEA regions (8);other:Virginia combination areas","annual","annual","2001 (NAICS)","2001-2024","SIC to NAICS break at 2001; Connecticut geography switch 2024","(D) heavy in small counties (67,619 cells in the CAINC5N Indiana file); (NA)","parents;time;distribution","stacked_bar;bar","Suppressed industries must be shown as not disclosed.","https://apps.bea.gov/regional/downloadzip.htm"
"gdp_current_dollars_bea","industries_business","output_gdp","Gross domestic product, current dollars (BEA, counties)","Value added by production located in the county, in current dollars.","bea_cagdp","CAGDP1 LineCode 3","LineCode 3 (thousands of current dollars)","Production located in the county","thousands of current dollars","workplace","dollars","sum","modeled_no_published_error","nation;state;county;other:BEA regions (8);other:Virginia combination areas","annual","annual","2001","2001-2024","Connecticut planning regions from 2024; metro GDP discontinued (sum counties instead)","(NA); (NM)","parents;time","line;bar","Not a measure of resident income; volatile for small counties dominated by one industry.","https://www.bea.gov/data/gdp/gdp-by-county"
"real_gdp_bea","industries_business","output_gdp","Real GDP (BEA, counties)","County GDP in chained 2017 dollars and its chain-type quantity index; used for real growth rates.","bea_cagdp","CAGDP1 LineCode 1 (real GDP); LineCode 2 (quantity index); CAGDP9 by industry","LineCode 1 (thousands of chained 2017 dollars); LineCode 2 (index)","Production located in the county","thousands of chained 2017 dollars","workplace","dollars","not_aggregable","modeled_no_published_error","nation;state;county;other:BEA regions (8);other:Virginia combination areas","annual","annual","2001","2001-2024","Reference-year and comprehensive-update revisions; Connecticut 2024 switch","(D) in industry detail; (NA); (NM)","parents;time","line","Chained dollars are not additive; compare growth rates rather than levels across areas.","https://www.bea.gov/data/gdp/gdp-by-county"
"gdp_by_industry_bea","industries_business","output_gdp","GDP by industry (BEA, counties)","Current-dollar GDP by NAICS sector and industry groups (e.g., LineCode 12 manufacturing; 70 health care and social assistance; 83 government).","bea_cagdp","CAGDP2","LineCode 1 all industry total; 2 private industries; sector LineCodes per CAGDP2 definition file","Production located in the county","thousands of current dollars","workplace","dollars","sum","modeled_no_published_error","nation;state;county;other:BEA regions (8);other:Virginia combination areas","annual","annual","2001","2001-2024","Same as gdp_current_dollars_bea","(D) not shown to avoid disclosure (10,337 cells in the CAGDP2 Indiana file); (NA); (NM)","parents;time;distribution","stacked_bar;bar","Industry detail heavily suppressed for small counties.","https://www.bea.gov/data/gdp/gdp-by-county"
"regional_price_parity_bea","income_poverty_hardship","prices_inflation","Regional Price Parity (BEA)","Price level of an area relative to the U.S. average (U.S. = 100) for all items and components (goods; housing; utilities; other services).","bea_rpp","SARPP (states), MARPP (MSAs), PARPP (metro/nonmetro portions); LineCode 1 all items","LineCode 1 all items; 2 goods; 3 services: housing; 4 services: utilities; 5 services: other","Consumer prices in the area","index (U.S. = 100)","area_estimate","index","not_aggregable","modeled_no_published_error","nation;state;cbsa;other:metro and nonmetro portions of states","annual","annual","2008","2008-2024 within one release","Full series revised each release","(NA) where applicable","parents;within_area","dot;bar;map","Spatial price levels for a single year; not an inflation index; no county or city values.","https://www.bea.gov/data/prices-inflation/regional-price-parities-state-and-metro-area"
"median_household_income_acs","income_poverty_hardship","household_income","Median household income (ACS)","Median household income in the past 12 months, in inflation-adjusted dollars of the final year of the period.","census_acs","B19013","B19013_001","Households","dollars (e.g., 2024 dollars for 2020-2024)","household","median","median_from_distribution","acs_moe","nation;region;division;state;county;cousub;place;tract;bg;zcta;cbsa;csa;sd;cd;puma","1-year (areas 65,000+); 5-year","annual","","Non-overlapping periods after R-CPI-U-RS adjustment (Census factor 1.23070782 converts 2015-2019 to 2024 dollars)","No standard 2020 1-year release; Connecticut planning regions replace counties in recent vintages","90% MOE published; 1-year only for areas of 65,000+","parents;time;subgroups","dot;map;line","For combined areas re-estimate from B19001 bins; do not average medians.","https://www2.census.gov/programs-surveys/acs/summary_file/2024/table-based-SF/documentation/ACS20245YR_Table_Shells.txt"
"household_income_distribution_acs","income_poverty_hardship","household_income","Household income distribution (ACS)","Households by income in the past 12 months across 16 brackets.","census_acs","B19001","B19001_001 (total);B19001_002 (less than $10,000);B19001_003 ($10,000-14,999);B19001_004 ($15,000-19,999);B19001_005 ($20,000-24,999);B19001_006 ($25,000-29,999);B19001_007 ($30,000-34,999);B19001_008 ($35,000-39,999);B19001_009 ($40,000-44,999);B19001_010 ($45,000-49,999);B19001_011 ($50,000-59,999);B19001_012 ($60,000-74,999);B19001_013 ($75,000-99,999);B19001_014 ($100,000-124,999);B19001_015 ($125,000-149,999);B19001_016 ($150,000-199,999);B19001_017 ($200,000 or more)","Households","households; share of households","household","share","sum","acs_moe","nation;region;division;state;county;cousub;place;tract;bg;zcta;cbsa;csa;sd;cd;puma","1-year (areas 65,000+); 5-year","annual","","Non-overlapping 5-year periods, but fixed nominal brackets are not inflation-consistent","Values are in each period's dollars while bracket bounds stay fixed","90% MOE published","parents;time;distribution","stacked_bar;bar","Open-ended top bracket ($200,000+); use Pareto or linear interpolation for derived medians.","https://www2.census.gov/programs-surveys/acs/summary_file/2024/table-based-SF/documentation/ACS20245YR_Table_Shells.txt"
"mean_household_income_acs","income_poverty_hardship","household_income","Mean household income (ACS)","Aggregate household income divided by number of households.","census_acs","B19025 / B19001","B19025_001;B19001_001","Households","dollars (final-year inflation-adjusted)","household","mean","recompute_from_components","acs_moe","nation;region;division;state;county;cousub;place;tract;bg;zcta;cbsa;csa;sd;cd;puma","1-year (areas 65,000+); 5-year","annual","","Non-overlapping periods after R-CPI-U-RS adjustment","Dollar year changes with each release","90% MOE published (ratio MOE must be approximated)","parents;time","dot;bar","Sensitive to very high incomes; pair with the median.","https://www2.census.gov/programs-surveys/acs/summary_file/2024/table-based-SF/documentation/ACS20245YR_Table_Shells.txt"
"per_capita_income_acs","income_poverty_hardship","per_capita_income","Per capita income (ACS)","Aggregate income of persons 15+ divided by total population.","census_acs","B19301 (components B19313 and B01003)","B19301_001;B19313_001;B01003_001","Total population","dollars (final-year inflation-adjusted)","resident","per_capita","recompute_from_components","acs_moe","nation;region;division;state;county;cousub;place;tract;bg;zcta;cbsa;csa;sd;cd;puma","1-year (areas 65,000+); 5-year","annual","","Non-overlapping periods after R-CPI-U-RS adjustment","Dollar year changes with each release","90% MOE published","parents;time","dot;map","Money income only; differs conceptually from BEA per capita personal income.","https://www2.census.gov/programs-surveys/acs/summary_file/2024/table-based-SF/documentation/ACS20245YR_Table_Shells.txt"
"gini_index_acs","income_poverty_hardship","household_income","Gini index of household income inequality (ACS)","Gini index of household income (0 = perfect equality, 1 = maximal inequality).","census_acs","B19083","B19083_001","Households","index (0-1)","household","index","not_aggregable","acs_moe","nation;region;division;state;county;cousub;place;tract;zcta;cbsa;csa;sd;cd;puma","1-year (areas 65,000+); 5-year","annual","","Non-overlapping 5-year periods","No standard 2020 1-year release","90% MOE published; not published for block groups","parents;time","dot","Cannot be combined across areas.","https://www2.census.gov/programs-surveys/acs/summary_file/2024/table-based-SF/documentation/ACS20245YR_Table_Shells.txt"
"poverty_rate_acs","income_poverty_hardship","poverty","Poverty rate, all people (ACS)","Share of people whose family or individual income in the past 12 months was below the official poverty threshold.","census_acs","B17001 (block groups: C17002)","B17001_002;B17001_001 (block groups: C17002_002+C17002_003 over C17002_001)","Population for whom poverty status is determined","percent","resident","rate","recompute_from_components","acs_moe","nation;region;division;state;county;cousub;place;tract;zcta;cbsa;csa;sd;cd;puma","1-year (areas 65,000+); 5-year","annual","","Non-overlapping 5-year periods","No standard 2020 1-year release; Connecticut planning regions replace counties in recent vintages","90% MOE published; B17001 not published for block groups","parents;time;subgroups","map;dot;line","Official poverty thresholds do not vary by local cost of living; excludes people in institutions, college dorms and military quarters and unrelated children under 15.","https://www2.census.gov/programs-surveys/acs/summary_file/2024/table-based-SF/documentation/ACS20245YR_Table_Shells.txt"
"poverty_rate_by_age_acs","income_poverty_hardship","poverty","Poverty rate by age group (ACS)","Share below poverty for age groups under 6, 6-11, 12-17, 18-59, 60-74, 75-84 and 85+.","census_acs","B17020","below poverty B17020_003 to B17020_009; at or above B17020_011 to B17020_017; totals B17020_001, B17020_002, B17020_010","Population for whom poverty status is determined","percent","resident","rate","recompute_from_components","acs_moe","nation;region;division;state;county;cousub;place;tract;zcta;cbsa;csa;sd;cd;puma","1-year (areas 65,000+); 5-year","annual","","Non-overlapping 5-year periods","No standard 2020 1-year release","90% MOE published; not published for block groups","parents;time;subgroups","bar;dot","Child rate (0-17) = sum of B17020_003 to _005 over the same age groups at all income levels.","https://www2.census.gov/programs-surveys/acs/summary_file/2024/table-based-SF/documentation/ACS20245YR_Table_Shells.txt"
"below_200pct_poverty_share_acs","income_poverty_hardship","poverty","People below 200% of poverty (ACS)","Share of people with income-to-poverty ratio under 2.00 (a common low-income or near-poor measure).","census_acs","C17002","C17002_002 (under .50);C17002_003 (.50-.99);C17002_004 (1.00-1.24);C17002_005 (1.25-1.49);C17002_006 (1.50-1.84);C17002_007 (1.85-1.99);C17002_008 (2.00 and over);C17002_001 (total)","Population for whom poverty status is determined","percent","resident","share","recompute_from_components","acs_moe","nation;region;division;state;county;cousub;place;tract;bg;zcta;cbsa;csa;sd;cd;puma","1-year (areas 65,000+); 5-year","annual","","Non-overlapping 5-year periods","No standard 2020 1-year release","90% MOE published","parents;time;distribution","stacked_bar;map","Uses national poverty thresholds, not local costs.","https://www2.census.gov/programs-surveys/acs/summary_file/2024/table-based-SF/documentation/ACS20245YR_Table_Shells.txt"
"snap_households_acs","income_poverty_hardship","public_assistance","Households receiving SNAP (ACS)","Share of households that received Food Stamps/SNAP in the past 12 months.","census_acs","B22001","B22001_002;B22001_001 (by presence of people 60+: B22001_003, B22001_004)","Households","percent of households","household","share","recompute_from_components","acs_moe","nation;region;division;state;county;cousub;place;tract;zcta;cbsa;csa;sd;cd;puma","1-year (areas 65,000+); 5-year","annual","","Non-overlapping 5-year periods","No standard 2020 1-year release","90% MOE published; not published for block groups","parents;time","map;dot","Survey-reported receipt over 12 months; can differ from administrative SNAP caseload counts.","https://www2.census.gov/programs-surveys/acs/summary_file/2024/table-based-SF/documentation/ACS20245YR_Table_Shells.txt"
"public_assistance_income_households_acs","income_poverty_hardship","public_assistance","Households with cash public assistance income (ACS)","Share of households receiving cash public assistance income (e.g., TANF, general assistance) in the past 12 months.","census_acs","B19057 (combined with SNAP: B19058)","B19057_002;B19057_001;B19058_002;B19058_001","Households","percent of households","household","share","recompute_from_components","acs_moe","nation;region;division;state;county;cousub;place;tract;bg;zcta;cbsa;csa;sd;cd;puma","1-year (areas 65,000+); 5-year","annual","","Non-overlapping 5-year periods","No standard 2020 1-year release","90% MOE published","parents;time","dot;bar","Excludes SSI and SNAP (use B19056 and B22001).","https://www2.census.gov/programs-surveys/acs/summary_file/2024/table-based-SF/documentation/ACS20245YR_Table_Shells.txt"
"ssi_households_acs","income_poverty_hardship","public_assistance","Households with Supplemental Security Income (ACS)","Share of households with SSI income in the past 12 months.","census_acs","B19056","B19056_002;B19056_001","Households","percent of households","household","share","recompute_from_components","acs_moe","nation;region;division;state;county;cousub;place;tract;bg;zcta;cbsa;csa;sd;cd;puma","1-year (areas 65,000+); 5-year","annual","","Non-overlapping 5-year periods","No standard 2020 1-year release","90% MOE published","parents;time","dot;bar","Household receipt, not number of recipients.","https://www2.census.gov/programs-surveys/acs/summary_file/2024/table-based-SF/documentation/ACS20245YR_Table_Shells.txt"
"poverty_rate_saipe","income_poverty_hardship","poverty","Poverty rate, all ages (SAIPE)","Model-based percent of people in poverty for the calendar year.","census_saipe","timeseries/poverty/saipe; bulk est{yy}all.txt columns 35-38","SAEPOVRTALL_PT;SAEPOVRTALL_MOE;SAEPOVRTALL_LB90;SAEPOVRTALL_UB90;SAEPOVALL_PT;SAEPOVU_ALL","Population for whom poverty status is determined","percent","area_estimate","rate","recompute_from_components","model_interval","nation;state;county","annual (single year)","annual","1989 (then 1993, 1995-)","2005-2024 (ACS-based)","CPS-to-ACS input switch between 2004 and 2005; Connecticut planning regions from 2022","None; 90% intervals published","parents;time","line;map;dot","Preferred over ACS 1-year for small counties' single-year rates; aggregate counts (SAEPOVALL_PT / SAEPOVU_ALL) but intervals cannot be combined.","https://www.census.gov/data/developers/data-sets/Poverty-Statistics.html"
"people_in_poverty_saipe","income_poverty_hardship","poverty","People in poverty, all ages (SAIPE)","Model-based count of people in poverty.","census_saipe","timeseries/poverty/saipe; bulk est{yy}all.txt columns 8-15","SAEPOVALL_PT;SAEPOVALL_MOE;SAEPOVALL_LB90;SAEPOVALL_UB90","Population for whom poverty status is determined","persons","area_estimate","count","sum","model_interval","nation;state;county","annual (single year)","annual","1989 (then 1993, 1995-)","2005-2024 (ACS-based; counts not comparable across the 2010 benchmark per SAIPE cautions)","CPS-to-ACS switch 2004-2005; 2010 census benchmark; Connecticut planning regions from 2022","None; 90% intervals published","parents;time","bar;line","Summed county counts have no published interval.","https://www.census.gov/data/developers/data-sets/Poverty-Statistics.html"
"child_poverty_rate_saipe","children_early_childhood","child_poverty","Poverty rate, ages 0-17 (SAIPE)","Model-based percent of children 0-17 in poverty; related children 5-17 in families also published.","census_saipe","timeseries/poverty/saipe; bulk est{yy}all.txt columns 77-80","SAEPOVRT0_17_PT;SAEPOVRT0_17_MOE;SAEPOVRT0_17_LB90;SAEPOVRT0_17_UB90;SAEPOVU_0_17;SAEPOVRT5_17R_PT","Children 0-17 for whom poverty status is determined","percent","area_estimate","rate","recompute_from_components","model_interval","nation;state;county","annual (single year)","annual","1989 (then 1993, 1995-)","2005-2024 (ACS-based)","Same as poverty_rate_saipe","None; 90% intervals published","parents;time","line;map;dot","Ages 0-4 poverty (SAEPOVRT0_4_PT) exists only for states and the nation.","https://www.census.gov/data/developers/data-sets/Poverty-Statistics.html"
"median_household_income_saipe","income_poverty_hardship","household_income","Median household income (SAIPE)","Model-based single-year median household income in nominal dollars of the estimate year.","census_saipe","timeseries/poverty/saipe; bulk est{yy}all.txt columns 134-139","SAEMHI_PT;SAEMHI_MOE;SAEMHI_LB90;SAEMHI_UB90","Households","current dollars","area_estimate","median","not_aggregable","model_interval","nation;state;county","annual (single year)","annual","1989 (then 1993, 1995-)","2005-2024 (ACS-based; adjust for inflation with R-CPI-U-RS)","CPS-to-ACS switch 2004-2005; Connecticut planning regions from 2022","None; 90% intervals published","parents;time","line;dot","Nominal dollars; not directly comparable to ACS 5-year medians.","https://www.census.gov/data/developers/data-sets/Poverty-Statistics.html"
"establishments_cbp","industries_business","establishments","Employer establishments (CBP)","Number of employer establishments by NAICS industry at their physical location, as of the reference year.","census_cbp","cbp{yy}co.txt / API {year}/cbp","EST (naics '------' = all industries)","Employer establishments in covered industries","establishments","establishment","count","sum","administrative_no_sampling_error","nation;state;county;cbsa;csa;cd;other:ZIP Code (ZBP)","annual","annual","1986 (NAICS 1998)","1998-2023 on NAICS (vintage changes)","SIC to NAICS 1998; NAICS vintage updates; 2017 publication rule (<3 establishments withheld); Connecticut planning regions from 2022","Cells with fewer than 3 establishments withheld (2017+)","parents;time;distribution","bar;line;map","Excludes self-employed, most government, agricultural production and railroads.","https://www.census.gov/programs-surveys/cbp/technical-documentation/methodology.html"
"employment_cbp","industries_business","industry_employment","Mid-March employment (CBP)","Paid employees in the pay period including March 12, by NAICS industry at establishment location.","census_cbp","cbp{yy}co.txt / API {year}/cbp","EMP;EMP_NF (noise flag)","Paid employees of employer establishments","jobs","workplace","count","sum","administrative_no_sampling_error","nation;state;county;cbsa;csa;cd;other:ZIP Code (ZBP)","annual (mid-March)","annual","1986 (NAICS 1998)","1998-2023 on NAICS","Same as establishments_cbp","Noise flags G, H, J; withheld cells (2017+)","parents;time;distribution","bar;stacked_bar","Single mid-March snapshot; noise infused.","https://www.census.gov/programs-surveys/cbp/technical-documentation/methodology.html"
"annual_payroll_per_employee_cbp","employment_labor","wages_earnings","Annual payroll per employee (CBP)","Annual payroll divided by mid-March employment for employer establishments.","census_cbp","cbp{yy}co.txt / API {year}/cbp","AP ($1,000);EMP;AP_NF;EMP_NF","Paid employees of employer establishments","current dollars per employee","workplace","dollars","recompute_from_components","administrative_no_sampling_error","nation;state;county;cbsa;csa;cd;other:ZIP Code (ZBP)","annual","annual","1986","1998-2023 on NAICS (nominal)","Same as establishments_cbp","Noise flags; withheld cells (2017+)","parents;time","dot;bar","Payroll over a year divided by a March headcount; nominal dollars.","https://www.census.gov/programs-surveys/cbp/technical-documentation/methodology.html"
"establishments_by_size_class_cbp","industries_business","establishments","Establishments by employment size class (CBP)","Employer establishments by number of employees (<5, 5-9, 10-19, 20-49, 50-99, 100-249, 250-499, 500-999, 1,000+).","census_cbp","cbp{yy}co.txt","N<5;N5_9;N10_19;N20_49;N50_99;N100_249;N250_499;N500_999;N1000 (subclasses N1000_1 to N1000_4)","Employer establishments","establishments","establishment","count","sum","administrative_no_sampling_error","nation;state;county;cbsa;csa;cd;other:ZIP Code (ZBP)","annual","annual","1986","1998-2023 on NAICS","Same as establishments_cbp","N = not available or not comparable","parents;distribution","stacked_bar","Establishment size, not firm size (use SUSB for enterprise size).","https://www.census.gov/programs-surveys/cbp/technical-documentation/methodology.html"
"firms_by_enterprise_size_susb","industries_business","establishments","Firms, establishments and employment by enterprise size (SUSB)","Firms, establishments, March employment and payroll classified by the size of the whole enterprise (e.g., <20, <500 employees).","census_susb","us_state_6digitnaics_{year}.txt; county_3digitnaics_{year}.xlsx","FIRM;ESTB;EMPL;PAYR;RCPT (years ending 2 and 7);ENTRSIZE with ENTRSIZEDSCR labels (e.g., 01: Total, 02: <5, 03: 5-9, 05: <20)","Employer firms and their establishments","firms; establishments; jobs","establishment","count","not_aggregable","administrative_no_sampling_error","nation;state;county;cbsa;cd","annual","annual","1997","1997-2022 (NAICS vintage changes)","NAICS vintage changes","Noise flags EMPLFL_N, PAYRFL_N, RCPTFL_N","parents;distribution","stacked_bar;bar","Firm counts in subnational areas count a multi-location firm in each area where it operates, so they do not sum to the U.S.","https://www.census.gov/programs-surveys/susb/about.html"
"employer_firms_by_owner_characteristics_abs","industries_business","establishments","Employer firms by owner sex, race, ethnicity and veteran status (ABS)","Number of employer firms and their sales, employment and payroll classified by owner characteristics.","census_abs","API {year}/abscs","FIRMPDEMP;FIRMPDEMP_S;RCPPDEMP;EMP;PAYANN;SEX;RACE_GROUP;ETH_GROUP;VET_GROUP;NAICS2022","Employer firms (classifiable by owner characteristics)","firms","establishment","count","not_aggregable","survey_se","nation;state;county;cbsa;cd","annual","annual","","Within ABS reference years (category changes possible)","NAICS2022 coding in 2023 data","RSE published; small cells withheld","parents;subgroups","bar;table","Survey estimates with sizeable RSEs at county level.","https://api.census.gov/data/2023/abscs/variables.json"
"nonemployer_establishments_nes","industries_business","establishments","Nonemployer businesses (NES)","Number of businesses with no paid employees (mostly sole proprietors) by NAICS industry.","census_nes","nonemp{yy}co.txt; API {year}/nonemp","ESTAB (bulk) / NESTAB (API);ESTAB_F","Nonemployer businesses filing business income tax returns","businesses","administrative","count","sum","administrative_no_sampling_error","nation;state;county;cbsa;csa","annual","annual","1997","1997-2023 (NAICS vintage changes)","NAICS vintage changes; Connecticut planning regions in recent files","ESTAB_F S = suppressed","parents;time;distribution","bar;line","Counts businesses, not people; includes part-time and side businesses.","https://api.census.gov/data/2023/nonemp/variables.json"
"nonemployer_receipts_nes","industries_business","establishments","Nonemployer receipts (NES)","Sales, value of shipments or revenue of nonemployer businesses.","census_nes","nonemp{yy}co.txt; API {year}/nonemp","RCPTOT (bulk, $1,000) / NRCPTOT (API);RCPTOT_N_F (noise flag);RCPTOT_F","Nonemployer businesses","thousands of current dollars","administrative","dollars","sum","administrative_no_sampling_error","nation;state;county;cbsa;csa","annual","annual","1997","1997-2023 (nominal)","NAICS vintage changes","RCPTOT_F S = suppressed; noise flags G, H, J","parents;time","bar;line","Receipts are noise-infused; nominal dollars.","https://api.census.gov/data/2023/nonemp/variables.json"
"business_applications_bfs","industries_business","business_dynamics","Business applications (BFS, annual by county)","Number of business applications in the county during the year.","census_bfs","bfs_county_apps_annual.xlsx","BA2005 to BA2025 (columns); County Code (5-digit FIPS)","Business applications","applications","administrative","count","sum","administrative_no_sampling_error","nation;county","annual","annual","2005","2005-2025 (Connecticut: counties 2005-2021, planning regions 2022-2025)","Connecticut geography switch 2022; differentially private noise in the 2026 release","Differentially private noise; no cell suppression observed","parents;time","line;bar","Applications are not business starts; large 2020-2021 surge.","https://www.census.gov/econ/bfs/data/county.html"
"establishment_entry_exit_rates_bds","industries_business","business_dynamics","Establishment entry and exit rates (BDS)","Establishments born or exited in the last 12 months as a percent of establishments (BDS definitions).","census_bds","bds{year}_st_cty.csv; API timeseries/bds","estabs_entry;estabs_entry_rate;estabs_exit;estabs_exit_rate;estabs","Employer establishments","percent","establishment","rate","recompute_from_components","administrative_no_sampling_error","nation;state;county;cbsa","annual","annual","1978","1978-2023 (latest release)","Whole time series re-released each year","Flag variables in API; cells withheld for disclosure","parents;time","line","Volatile for small counties; use multi-year averages.","https://api.census.gov/data/timeseries/bds/variables.json"
"job_creation_destruction_rates_bds","industries_business","business_dynamics","Job creation, destruction and net job creation rates (BDS)","Jobs created by opening/expanding and lost by closing/contracting establishments over 12 months, as rates of the DHS denominator.","census_bds","bds{year}_st_cty.csv; API timeseries/bds","job_creation_rate;job_destruction_rate;net_job_creation_rate;reallocation_rate;job_creation;job_destruction;denom","Employment at employer establishments","percent","establishment","rate","recompute_from_components","administrative_no_sampling_error","nation;state;county;cbsa","annual","annual","1978","1978-2023 (latest release)","Whole time series re-released each year","Flag variables in API; cells withheld for disclosure","parents;time","line","Rates use the DHS denominator (DENOM); recompute from counts and denom when aggregating.","https://api.census.gov/data/timeseries/bds/variables.json"
"jobs_by_industry_lodes","industries_business","industry_employment","Jobs by industry sector at workplace (LODES WAC)","Count of jobs by 2-digit NAICS sector at the workplace census block, aggregable to small areas.","census_lehd_lodes","{st}_wac_S000_JT00_{year}.csv.gz (JT00 all jobs; JT01 primary jobs)","C000 (total);CNS01 (NAICS 11) to CNS20 (NAICS 92)","Jobs covered by LEHD (UI-covered; federal jobs from 2010)","jobs","workplace","count","sum","administrative_no_sampling_error","state;county;cousub;place;tract;bg;zcta;cbsa;other:census block","annual","annual","2002","2010-2023 (federal jobs included); 2002-2023 otherwise","Federal jobs added 2010; LODES8 on 2020 blocks","Disclosure avoidance applied","parents;time;distribution;within_area","map;stacked_bar","Job counts differ from QCEW/CBP; choose JT00 vs JT01 consistently.","https://lehd.ces.census.gov/data/lodes/LODES8/LODESTechDoc8.4.pdf"
"jobs_by_earnings_band_lodes","employment_labor","wages_earnings","Jobs by monthly earnings band at workplace (LODES WAC)","Jobs with earnings of $1,250/month or less (CE01), $1,251-$3,333 (CE02) and over $3,333 (CE03).","census_lehd_lodes","{st}_wac_S000_JT00_{year}.csv.gz","CE01;CE02;CE03;C000","Jobs covered by LEHD","jobs; share of jobs","workplace","share","sum","administrative_no_sampling_error","state;county;cousub;place;tract;bg;zcta;cbsa;other:census block","annual","annual","2002","Limited: thresholds are nominal and unchanged since 2002","Inflation erodes fixed thresholds over time","Disclosure avoidance applied","parents;distribution","stacked_bar;map","Not inflation-adjusted; shares drift upward mechanically.","https://lehd.ces.census.gov/data/lodes/LODES8/LODESTechDoc8.4.pdf"
"average_monthly_earnings_qwi","employment_labor","wages_earnings","Average monthly earnings of stable jobs (QWI)","Average monthly earnings of employees with stable (full-quarter) jobs, by industry and worker characteristics.","census_lehd_qwi","qwi_{st}_*_{geo}_{ind}_*.csv.gz","EarnS;sEarnS (status flag);EmpS (weight)","Stable (full-quarter) jobs at employers in the area","current dollars per month","workplace","mean","weighted_mean","administrative_no_sampling_error","state;county;cbsa","quarterly","quarterly","varies by state (Indiana 1998)","State start year-2025 (release R2026Q3)","Release-specific revisions","Status flags: 5 suppressed; 9 fuzzed value released","parents;time;subgroups","line;bar","Weight by EmpS when combining areas; nominal dollars.","https://lehd.ces.census.gov/data/qwi/latest_release/in/version_qwi.txt"
"agi_per_return_irs","income_poverty_hardship","household_income","Adjusted gross income per tax return (IRS SOI)","Total AGI divided by number of individual income tax returns filed from the area.","irs_soi_county","{yy}incyallnoagi.csv / {yy}incyallagi.csv","A00100 (AGI, $1,000);N1 (number of returns)","Individual income tax returns","current dollars per return","administrative","mean","recompute_from_components","administrative_no_sampling_error","state;county;cbsa","annual (tax year)","annual","1989","2011-2023 in current CSV format; earlier years as Excel","Tax law and filing population changes","Per users guide (not reviewed)","parents;time","line;dot","Filers only; mean is skewed by high incomes.","https://www.irs.gov/statistics/soi-tax-stats-county-data-2023"
"returns_by_agi_class_irs","income_poverty_hardship","household_income","Tax returns by AGI size class (IRS SOI)","Number of individual returns in each of 8 AGI size classes (agi_stub 1-8).","irs_soi_county","{yy}incyallagi.csv","N1 by agi_stub (1-8)","Individual income tax returns","returns; share of returns","administrative","share","sum","administrative_no_sampling_error","state;county;cbsa","annual (tax year)","annual","1989","Within years using the same class boundaries","AGI class boundaries set per year in the users guide","Per users guide (not reviewed)","parents;distribution","stacked_bar","Nominal class boundaries.","https://www.irs.gov/statistics/soi-tax-stats-county-data-2023"
"difficulty_paying_expenses_hps","income_poverty_hardship","material_hardship","Adults in households with difficulty paying usual expenses (HPS/HTOPS)","Share of adults 18+ reporting it was somewhat or very difficult to pay usual household expenses.","census_hps","Household Spending Table 1 (spending1_{cycle}.xlsx)","Columns: Not at all difficult; A little difficult; Somewhat difficult; Very difficult; Did not report","Population 18 years and older in households","percent of adults","resident","share","not_aggregable","survey_se","nation;state;cbsa","survey cycle","irregular","2020","Within phases with identical wording","Reference period 'last 7 days' (HPS through June 2025 HTOPS) vs 'last two months' (2026 HTOPS); HTOPS tables national only","Standard errors in _se workbooks","parents;time;subgroups","bar;dot","Experimental; exclude 'did not report' consistently when computing shares.","https://www.census.gov/programs-surveys/household-pulse-survey.html"
"food_insufficiency_hps","income_poverty_hardship","material_hardship","Household food insufficiency (HPS/HTOPS)","Share of adults in households that sometimes or often did not have enough to eat in the reference period.","census_hps","Food Sufficiency Table 1 (food1_{cycle}.xlsx)","Food sufficiency categories (enough; not always the kinds wanted; sometimes not enough; often not enough)","Population 18 years and older in households","percent of adults","resident","share","not_aggregable","survey_se","nation;state;cbsa","survey cycle","irregular","2020","Within phases with identical wording","Question and design changes across HPS phases and HTOPS; HTOPS tables national only","Standard errors in _se workbooks","parents;time;subgroups","bar;dot","Experimental; category wording should be checked per cycle.","https://www.census.gov/programs-surveys/household-pulse-survey.html"
"food_insecurity_sipp","income_poverty_hardship","material_hardship","Household food security status (SIPP)","Food security status from the SIPP food security module (recode of affirmative responses).","census_sipp","pu{year}_csv.zip","RFOODS (food security status);RFOODR (raw score);EFOOD3 (cut or skipped meals)","Persons in SIPP households","percent of persons","resident","share","not_aggregable","survey_se","nation","annual (calendar reference year)","annual","2018 (current annual files)","2018-2025 files (check item changes)","Panel and item changes across files","None published; compute SEs with replicate weights","subgroups;time","bar;line","National microdata; requires weighting and replicate-weight variance.","https://www.census.gov/programs-surveys/sipp/about.html"
"unable_to_pay_housing_utilities_sipp","income_poverty_hardship","material_hardship","Unable to pay rent/mortgage or utilities (SIPP)","Share of people in households that were unable to pay rent or mortgage (EAWBMORT) or utility bills (EAWBGAS) during the reference year.","census_sipp","pu{year}_csv.zip","EAWBMORT;EAWBGAS","Persons in SIPP households (adult well-being items)","percent of persons","resident","share","not_aggregable","survey_se","nation","annual (calendar reference year)","annual","2018 (current annual files)","2018-2025 files (check item changes)","Item wording and universe can change by file","None published; compute SEs with replicate weights","subgroups;time","bar","National only; confirm item universe in the schema each year.","https://www.census.gov/programs-surveys/sipp/about.html"
"households_below_alice_threshold","income_poverty_hardship","material_hardship","Households below the ALICE Threshold (United For ALICE)","Share of households with income below the ALICE Threshold (households in poverty plus ALICE households) in the county.","unitedforalice_alice","State ALICE data sheets (e.g., 2026 ALICE - Indiana Data Sheet.xlsx)","Below ALICE Threshold share; poverty share; ALICE share (per data sheet)","Households","percent of households","household","share","recompute_from_components","modeled_no_published_error","nation;state;county;puma","annual data year (2024 in 2026 reports)","periodic","2016 (data year)","Within a methodology vintage","Methodology revised across report years","Not stated","parents;time","bar;map","Reuse requires written permission; not an official statistic.","https://www.unitedforalice.org/methodology"
"food_insecurity_rate_mmg","income_poverty_hardship","material_hardship","Food insecurity rate, overall and child (Map the Meal Gap)","Modeled share of the population (and of children) living in food-insecure households.","feedingamerica_mmg","Map the Meal Gap dataset (by request)","Overall food insecurity rate; child food insecurity rate; food budget shortfall; cost per meal","Total population; children","percent","area_estimate","rate","not_aggregable","modeled_no_published_error","nation;state;county;cd","annual data year (2024 in 2026 release)","annual","","Check technical briefs for method changes","Methodology refined across releases","Not stated","parents;time","map;dot","Model-based; dataset access by request; license terms not verified.","https://www.feedingamerica.org/research/map-the-meal-gap/how-we-got-the-map-data"
"cpi_u_annual_average","income_poverty_hardship","prices_inflation","CPI-U annual average, U.S. city average all items","Annual average of the CPI-U all items index (1982-84=100), used to convert nominal dollars between years.","bls_cpi_u","CUUR0000SA0 period M13 (file cu.data.1.AllItems)","CUUR0000SA0;period M13","Urban consumers (U.S. city average)","index (1982-84=100)","area_estimate","index","not_aggregable","none_published","nation","annual average (M13); monthly","monthly","1913","1913-2025 (methods not retroactive)","Oct 2025 not published; 2025 annual average = mean of 11 months (321.943)","None","time","line;table","Census recommends R-CPI-U-RS for ACS income comparisons; CPI-U methods changes are not backcast.","https://download.bls.gov/pub/time.series/cu/cu.txt"
"r_cpi_u_rs_annual_average","income_poverty_hardship","prices_inflation","R-CPI-U-RS annual average (inflation factor for ACS dollars)","Annual average of the retroactive CPI-U research series (December 1977 = 100); factor = index(target year) / index(source year).","bls_r_cpi_u_rs","r-cpi-u-rs-allitems.xlsx, column AVG","AVG by YEAR (e.g., 2019 = 375.813; 2024 = 462.511; 2025 = 474.994)","Urban consumers (U.S. city average)","index (Dec 1977 = 100)","area_estimate","index","not_aggregable","none_published","nation","annual average","annual","1978","1978-2025 within one vintage","Annual vintage updates can revise recent values; Oct 2025 missing","None","time","line;table","Record the vintage used; Census published factors (1.02937903 for 2023 to 2024; 1.23070782 for 2019 to 2024) may differ slightly from recomputed ratios.","https://www.bls.gov/cpi/research-series/r-cpi-u-rs-home.htm"
