metric_id,subject_id,subtopic_id,label,definition,source_id,table_or_series,variables,universe,units,measure_basis,stat_type,aggregation,uncertainty,geo_levels,periods,frequency,history_start,comparable_span,breaks,suppression,comparisons,viz,limitations,doc_url
"diabetes_prevalence_places","health","health_outcomes","Diagnosed diabetes among adults (PLACES)","Model-based percentage of adults 18+ reporting a diabetes diagnosis (BRFSS), published as crude and age-adjusted prevalence","cdc_places","PLACES 2025 release (Socrata swc5-untb county; eav7-hnsx place; cwsq-ngmh tract; qnzd-25i4 ZCTA)","measureid=DIABETES;datavaluetypeid=CrdPrv|AgeAdjPrv;data_value;low_confidence_limit;high_confidence_limit","Adults aged 18+","percent","area_estimate","share","not_aggregable","model_interval","nation;county;place;tract;zcta","BRFSS 2018-2023 (2020-2025 releases, one BRFSS year per release)","annual","2018","Single release only (CDC: model cannot track local change over time)","2024 release: 2020 Census geography and CT planning regions; 2023 release: CI simulation change; inputs change each release","Population under 50 suppressed; KY and PA missing in 2025 release (BRFSS 2023)","parents;distribution;within_area","map;dot;bar","Model-based estimate; use AgeAdjPrv to compare areas and CrdPrv for burden; not for program evaluation","https://www.cdc.gov/places/methodology/index.html"
"obesity_prevalence_places","health","health_outcomes","Obesity among adults (PLACES)","Model-based percentage of adults 18+ with obesity based on self-reported height and weight (BRFSS), crude and age-adjusted","cdc_places","PLACES 2025 release (Socrata swc5-untb county; eav7-hnsx place; cwsq-ngmh tract; qnzd-25i4 ZCTA)","measureid=OBESITY;datavaluetypeid=CrdPrv|AgeAdjPrv;data_value;low_confidence_limit;high_confidence_limit","Adults aged 18+","percent","area_estimate","share","not_aggregable","model_interval","nation;county;place;tract;zcta","BRFSS 2018-2023 (2020-2025 releases)","annual","2018","Single release only (CDC: model cannot track local change over time)","2024 release: 2020 Census geography and CT planning regions; 2023 release: CI simulation change","Population under 50 suppressed; KY and PA missing in 2025 release (BRFSS 2023)","parents;distribution;within_area","map;dot;bar","Model-based; self-reported height and weight; not for program evaluation","https://www.cdc.gov/places/methodology/index.html"
"high_blood_pressure_prevalence_places","health","health_outcomes","High blood pressure among adults (PLACES)","Model-based percentage of adults 18+ who report having been told they have high blood pressure (BRFSS), crude and age-adjusted","cdc_places","PLACES 2025 release (Socrata swc5-untb county; eav7-hnsx place; cwsq-ngmh tract; qnzd-25i4 ZCTA)","measureid=BPHIGH;datavaluetypeid=CrdPrv|AgeAdjPrv;data_value;low_confidence_limit;high_confidence_limit","Adults aged 18+","percent","area_estimate","share","not_aggregable","model_interval","nation;county;place;tract;zcta","BRFSS 2017, 2019, 2021, 2023 (odd-year question; used in 2020-2025 releases)","annual release; biennial data","2017","Single release only (CDC: model cannot track local change over time)","2024 release: 2020 Census geography and CT planning regions; same BRFSS year reused in consecutive releases (2021 in both 2023 and 2024 releases)","Population under 50 suppressed; KY and PA missing in 2025 release (BRFSS 2023)","parents;distribution;within_area","map;dot;bar","Model-based; asked only in odd BRFSS years; not for program evaluation","https://www.cdc.gov/places/methodology/index.html"
"depression_prevalence_places","health","health_outcomes","Depression among adults (PLACES)","Model-based percentage of adults 18+ who report ever being told they have a depressive disorder (BRFSS), crude and age-adjusted","cdc_places","PLACES 2025 release (Socrata swc5-untb county; eav7-hnsx place; cwsq-ngmh tract; qnzd-25i4 ZCTA)","measureid=DEPRESSION;datavaluetypeid=CrdPrv|AgeAdjPrv;data_value;low_confidence_limit;high_confidence_limit","Adults aged 18+","percent","area_estimate","share","not_aggregable","model_interval","nation;county;place;tract;zcta","BRFSS 2019-2023 (2021-2025 releases)","annual","2019","Single release only (CDC: model cannot track local change over time)","Measure absent from 2020 release; 2024 release: 2020 Census geography and CT planning regions","Population under 50 suppressed; KY and PA missing in 2025 release (BRFSS 2023)","parents;distribution;within_area","map;dot;bar","Model-based; lifetime diagnosis, not current symptoms; not for program evaluation","https://www.cdc.gov/places/methodology/index.html"
"fair_poor_health_places","health","health_outcomes","Fair or poor self-rated health among adults (PLACES)","Model-based percentage of adults 18+ rating their general health as fair or poor (BRFSS), crude and age-adjusted","cdc_places","PLACES 2025 release (Socrata swc5-untb county; eav7-hnsx place; cwsq-ngmh tract; qnzd-25i4 ZCTA)","measureid=GHLTH;datavaluetypeid=CrdPrv|AgeAdjPrv;data_value;low_confidence_limit;high_confidence_limit","Adults aged 18+","percent","area_estimate","share","not_aggregable","model_interval","nation;county;place;tract;zcta","BRFSS 2019-2023 (2021-2025 releases)","annual","2019","Single release only (CDC: model cannot track local change over time)","Measure absent from 2020 release; 2024 release: 2020 Census geography and CT planning regions","Population under 50 suppressed; KY and PA missing in 2025 release (BRFSS 2023)","parents;distribution;within_area","map;dot;bar","Model-based; not for program evaluation","https://www.cdc.gov/places/methodology/index.html"
"frequent_mental_distress_places","health","health_outcomes","Frequent mental distress among adults (PLACES)","Model-based percentage of adults 18+ reporting 14 or more days of poor mental health in the past 30 days (BRFSS), crude and age-adjusted","cdc_places","PLACES 2025 release (Socrata swc5-untb county; eav7-hnsx place; cwsq-ngmh tract; qnzd-25i4 ZCTA)","measureid=MHLTH;datavaluetypeid=CrdPrv|AgeAdjPrv;data_value;low_confidence_limit;high_confidence_limit","Adults aged 18+","percent","area_estimate","share","not_aggregable","model_interval","nation;county;place;tract;zcta","BRFSS 2018-2023 (2020-2025 releases)","annual","2018","Single release only (CDC: model cannot track local change over time)","2024 release: 2020 Census geography and CT planning regions; 2023 release: CI simulation change","Population under 50 suppressed; KY and PA missing in 2025 release (BRFSS 2023)","parents;distribution;within_area","map;dot;bar","Model-based; not for program evaluation","https://www.cdc.gov/places/methodology/index.html"
"current_smoking_places","health","health_outcomes","Current cigarette smoking among adults (PLACES)","Model-based percentage of adults 18+ who currently smoke cigarettes (BRFSS), crude and age-adjusted","cdc_places","PLACES 2025 release (Socrata swc5-untb county; eav7-hnsx place; cwsq-ngmh tract; qnzd-25i4 ZCTA)","measureid=CSMOKING;datavaluetypeid=CrdPrv|AgeAdjPrv;data_value;low_confidence_limit;high_confidence_limit","Adults aged 18+","percent","area_estimate","share","not_aggregable","model_interval","nation;county;place;tract;zcta","BRFSS 2018-2023 (2020-2025 releases)","annual","2018","Single release only (CDC: model cannot track local change over time)","2024 release: 2020 Census geography and CT planning regions; 2023 release: CI simulation change","Population under 50 suppressed; KY and PA missing in 2025 release (BRFSS 2023)","parents;distribution;within_area","map;dot;bar","Risk behavior placed under health_outcomes pending a health_behaviors subtopic (see notes); model-based","https://www.cdc.gov/places/methodology/index.html"
"physical_inactivity_places","health","health_outcomes","No leisure-time physical activity among adults (PLACES)","Model-based percentage of adults 18+ reporting no leisure-time physical activity in the past month (BRFSS), crude and age-adjusted","cdc_places","PLACES 2025 release (Socrata swc5-untb county; eav7-hnsx place; cwsq-ngmh tract; qnzd-25i4 ZCTA)","measureid=LPA;datavaluetypeid=CrdPrv|AgeAdjPrv;data_value;low_confidence_limit;high_confidence_limit","Adults aged 18+","percent","area_estimate","share","not_aggregable","model_interval","nation;county;place;tract;zcta","BRFSS 2018-2023 (2020-2025 releases)","annual","2018","Single release only (CDC: model cannot track local change over time)","2024 release: 2020 Census geography and CT planning regions; 2023 release: CI simulation change","Population under 50 suppressed; KY and PA missing in 2025 release (BRFSS 2023)","parents;distribution;within_area","map;dot;bar","Risk behavior placed under health_outcomes pending a health_behaviors subtopic (see notes); model-based","https://www.cdc.gov/places/methodology/index.html"
"diabetes_prevalence_brfss_state","health","health_outcomes","Diagnosed diabetes among adults, state (BRFSS direct estimate)","Weighted percentage of adult BRFSS respondents answering Yes to ever being told by a doctor they have diabetes (question DIABETE4; pregnancy-related and prediabetes answers are separate responses), crude prevalence","cdc_brfss_prevalence","BRFSS Prevalence Data 2011 to present (Socrata dttw-5yxu)","questionid=DIABETE4;response=Yes;break_out=Overall;data_value;confidence_limit_low;confidence_limit_high;sample_size","Adult BRFSS respondents (18+)","percent","resident","share","not_aggregable","model_interval","nation;state","2011-2025 annual","annual","2011","2011-2025 (participating jurisdictions vary by year)","2011 raking weights and cell-phone sample: not comparable with earlier years","Jurisdictions below minimum requirements omitted (KY and PA 2023; TN 2024; CA, MS and NV 2025)","parents;time;subgroups","line;bar;map","Direct survey estimate whose interval is a survey 95% CI (no survey-CI code in catalog vocabulary); self-reported; crude, so age structure affects state comparisons","https://www.cdc.gov/brfss/annual_data/annual_2025.html"
"svi_overall_percentile_svi","environment_climate","hazard_risk","Social Vulnerability Index overall percentile rank (CDC/ATSDR SVI)","Percentile rank (0-1) of an area's summed theme percentiles across 16 ACS-based social vulnerability variables, relative to all U.S. tracts, counties or ZCTAs in the same release; higher means more vulnerable","cdc_atsdr_svi","SVI_{year}_US.csv (tracts); SVI_{year}_US_county.csv; SVI_2022_US_ZCTA.csv","RPL_THEMES;RPL_THEME1;RPL_THEME2;RPL_THEME3;RPL_THEME4;F_TOTAL","Tracts, counties or ZCTAs ranked nationally (state files rank within state)","percentile rank 0-1","area_estimate","index","not_aggregable","none_published","county;tract;zcta","2000, 2010, 2014, 2016, 2018, 2020, 2022","biennial","2000","Not comparable across releases (relative ranks)","2020 variable redesign; tract boundaries 2000, 2010, 2020; 2000 from Census data, later from ACS 5-year","-999 when not computed","parents;distribution;within_area","map;table","Relative within-release rank; national and state-ranked values differ; proposed subtopic health/social_vulnerability (see notes)","https://www.atsdr.cdc.gov/place-health/php/svi/svi-data-documentation-download.html"
"disability_rate_acs","health","disability","Population with a disability (ACS)","Percentage of the civilian noninstitutionalized population reporting at least one of six disability types (hearing, vision, cognitive, ambulatory, self-care, independent living): sum of the 12 'With a disability' cells divided by B18101_001","census_acs_5yr","ACS table B18101 (race-iterated B18101A-I)","B18101_001;B18101_004;B18101_007;B18101_010;B18101_013;B18101_016;B18101_019;B18101_023;B18101_026;B18101_029;B18101_032;B18101_035;B18101_038","Civilian noninstitutionalized population","percent","resident","share","recompute_from_components","acs_moe","nation;region;division;state;county;cousub;place;tract;zcta;cbsa;csa;cd;puma;sd","5-year 2008-2012 through 2020-2024; 1-year 2008-2024 for areas with 65,000+ people (2020 experimental only)","annual","2008","2008 onward, comparing non-overlapping 5-year periods","2008 disability question redesign: not comparable with 2007 and earlier ACS or Census 2000","No block-group data","parents;time;subgroups;distribution","bar;line;map","Cognitive, ambulatory and self-care items asked of ages 5+ and independent living of 18+, so under-5 values reflect hearing and vision only; large MOEs for tracts","https://www.census.gov/topics/health/disability/guidance/data-collection-acs.html"
"disability_two_or_more_types_acs","health","disability","Population with two or more disability types (ACS)","Percentage of the civilian noninstitutionalized population reporting two or more of the six disability types: (C18108_004 + C18108_008 + C18108_012) / C18108_001","census_acs_5yr","ACS table C18108","C18108_001;C18108_004;C18108_008;C18108_012","Civilian noninstitutionalized population","percent","resident","share","recompute_from_components","acs_moe","nation;region;division;state;county;cousub;place;tract;zcta;cbsa;csa;cd;puma;sd","5-year 2008-2012 through 2020-2024; 1-year 2008-2024 for areas with 65,000+ people","annual","2008","2008 onward, comparing non-overlapping 5-year periods","2008 disability question redesign","No block-group data","parents;time;distribution","bar;line;map","Age groups only under 18, 18-64, 65+; one-type counts in C18108_003, _007, _011","https://www.census.gov/topics/health/disability/guidance/data-collection-acs.html"
"disability_uninsured_19_64_acs","health","disability","Uninsured rate among working-age people with a disability (ACS)","Percentage of civilian noninstitutionalized people aged 19-64 with a disability who have no health insurance coverage: B18135_018 / B18135_014 (compare with B18135_023 / B18135_019 for people without a disability)","census_acs_5yr","ACS table B18135","B18135_014;B18135_018;B18135_019;B18135_023","Civilian noninstitutionalized population aged 19-64","percent","resident","share","recompute_from_components","acs_moe","nation;region;division;state;county;cousub;place;tract;zcta;cbsa;csa;cd;puma;sd","5-year 2008-2012 through 2020-2024; 1-year 2008-2024 for areas with 65,000+ people","annual","2008","2008 onward, comparing non-overlapping 5-year periods","2008 disability redesign and health insurance question introduction","No block-group data","parents;time;subgroups","bar;line","Small denominators for tracts give very large MOEs; coverage at time of interview","https://www.census.gov/topics/health/disability/guidance/data-collection-acs.html"
"any_disability_adults_places","health","disability","Any disability among adults (PLACES)","Model-based percentage of adults 18+ reporting at least one disability type in BRFSS (hearing, vision, cognition, mobility, self-care, independent living), crude and age-adjusted","cdc_places","PLACES 2025 release (Socrata swc5-untb county; eav7-hnsx place; cwsq-ngmh tract; qnzd-25i4 ZCTA)","measureid=DISABILITY;datavaluetypeid=CrdPrv|AgeAdjPrv;data_value;low_confidence_limit;high_confidence_limit","Adults aged 18+","percent","area_estimate","share","not_aggregable","model_interval","nation;county;place;tract;zcta","BRFSS 2021-2023 (2023-2025 releases)","annual","2021","Single release only (CDC: model cannot track local change over time)","Disability measures added in 2023 release; 2024 release: 2020 Census geography and CT planning regions","Population under 50 suppressed; KY and PA missing in 2025 release (BRFSS 2023)","parents;distribution;within_area","map;dot;bar","Adults only and model-based; not directly comparable with ACS disability rates (different survey and universe)","https://www.cdc.gov/places/methodology/index.html"
"mobility_disability_adults_places","health","disability","Mobility disability among adults (PLACES)","Model-based percentage of adults 18+ reporting serious difficulty walking or climbing stairs (BRFSS), crude and age-adjusted","cdc_places","PLACES 2025 release (Socrata swc5-untb county; eav7-hnsx place; cwsq-ngmh tract; qnzd-25i4 ZCTA)","measureid=MOBILITY;datavaluetypeid=CrdPrv|AgeAdjPrv;data_value;low_confidence_limit;high_confidence_limit","Adults aged 18+","percent","area_estimate","share","not_aggregable","model_interval","nation;county;place;tract;zcta","BRFSS 2021-2023 (2023-2025 releases)","annual","2021","Single release only (CDC: model cannot track local change over time)","Disability measures added in 2023 release; 2024 release: 2020 Census geography and CT planning regions","Population under 50 suppressed; KY and PA missing in 2025 release (BRFSS 2023)","parents;distribution;within_area","map;dot;bar","Model-based; compare with ACS ambulatory difficulty (B18105) only with caution","https://www.cdc.gov/places/methodology/index.html"
"cognitive_disability_adults_places","health","disability","Cognitive disability among adults (PLACES)","Model-based percentage of adults 18+ reporting serious difficulty concentrating, remembering or making decisions (BRFSS), crude and age-adjusted","cdc_places","PLACES 2025 release (Socrata swc5-untb county; eav7-hnsx place; cwsq-ngmh tract; qnzd-25i4 ZCTA)","measureid=COGNITION;datavaluetypeid=CrdPrv|AgeAdjPrv;data_value;low_confidence_limit;high_confidence_limit","Adults aged 18+","percent","area_estimate","share","not_aggregable","model_interval","nation;county;place;tract;zcta","BRFSS 2021-2023 (2023-2025 releases)","annual","2021","Single release only (CDC: model cannot track local change over time)","Disability measures added in 2023 release; 2024 release: 2020 Census geography and CT planning regions","Population under 50 suppressed; KY and PA missing in 2025 release (BRFSS 2023)","parents;distribution;within_area","map;dot;bar","Model-based; not for program evaluation","https://www.cdc.gov/places/methodology/index.html"
"uninsured_rate_acs","health","health_insurance","Uninsured rate (ACS)","Percentage of the civilian noninstitutionalized population with no health insurance coverage at the time of interview: (B27010_017 + B27010_033 + B27010_050 + B27010_066) / B27010_001","census_acs_5yr","ACS table B27010 (sex-by-age detail in B27001)","B27010_001;B27010_017;B27010_033;B27010_050;B27010_066","Civilian noninstitutionalized population","percent","resident","share","recompute_from_components","acs_moe","nation;region;division;state;county;cousub;place;tract;bg;zcta;cbsa;csa;cd;puma;sd","5-year 2008-2012 through 2020-2024; 1-year 2008-2024 for areas with 65,000+ people (2020 experimental only)","annual","2008","2008 onward, comparing non-overlapping 5-year periods","Health insurance question introduced in 2008 ACS; 2020 1-year experimental only","","parents;time;subgroups;distribution","bar;line;map","Point-in-time coverage at interview; B27010 is published for block groups but B27001 is not; SAHIE gives single-year model-based county values","https://www.census.gov/acs/www/about/why-we-ask-each-question/health/"
"uninsured_rate_children_acs","health","health_insurance","Uninsured children under 19 (ACS)","Percentage of civilian noninstitutionalized children under 19 with no health insurance coverage: B27010_017 / B27010_002","census_acs_5yr","ACS table B27010","B27010_002;B27010_017","Civilian noninstitutionalized population under 19","percent","resident","share","recompute_from_components","acs_moe","nation;region;division;state;county;cousub;place;tract;bg;zcta;cbsa;csa;cd;puma;sd","5-year 2008-2012 through 2020-2024; 1-year 2008-2024 for areas with 65,000+ people","annual","2008","2008 onward, comparing non-overlapping 5-year periods","Health insurance question introduced in 2008 ACS","","parents;time;distribution","bar;line;map","Small child counts in tracts and block groups give large MOEs","https://www.census.gov/acs/www/about/why-we-ask-each-question/health/"
"medicaid_means_tested_coverage_acs","health","health_insurance","Medicaid or means-tested public coverage (ACS)","Percentage of the civilian noninstitutionalized population covered by Medicaid, Medical Assistance or another government-assistance plan for people with low income or a disability, alone or with other coverage: (C27007_004 + _007 + _010 + _014 + _017 + _020) / C27007_001","census_acs_5yr","ACS table C27007","C27007_001;C27007_004;C27007_007;C27007_010;C27007_014;C27007_017;C27007_020","Civilian noninstitutionalized population","percent","resident","share","recompute_from_components","acs_moe","nation;region;division;state;county;cousub;place;tract;zcta;cbsa;csa;cd;puma;sd","5-year 2008-2012 through 2020-2024; 1-year 2008-2024 for areas with 65,000+ people","annual","2008","2008 onward, comparing non-overlapping 5-year periods","Health insurance question introduced in 2008 ACS","No block-group data","parents;time;subgroups","bar;line;map","Survey-reported coverage at time of interview; not an administrative enrollment count","https://www.census.gov/acs/www/about/why-we-ask-each-question/health/"
"uninsured_rate_under65_sahie","health","health_insurance","Uninsured rate, population under 65 (SAHIE)","Model-based percentage of the population under 65 without health insurance, all incomes (AGECAT=0, IPRCAT=0, SEXCAT=0, RACECAT=0)","census_sahie","Census API timeseries/healthins/sahie","PCTUI_PT;PCTUI_MOE;PCTUI_LB90;PCTUI_UB90;NUI_PT;NIPR_PT;AGECAT;IPRCAT;SEXCAT;RACECAT;YEAR","Population under 65","percent","area_estimate","share","recompute_from_components","model_interval","nation;state;county","2008-2024 annual (API also carries 2006-2007 estimates)","annual","2008","2008-2024","Pre-2008 estimates use the earlier method and should not be compared","","parents;time;subgroups","line;map;bar","Aggregate as sum(NUI_PT)/sum(NIPR_PT); aggregated MOEs are approximate; ages 65+ not covered","https://www.census.gov/programs-surveys/sahie/about.html"
"uninsured_rate_low_income_sahie","health","health_insurance","Uninsured rate, under 65 at or below 138% of poverty (SAHIE)","Model-based percentage of people under 65 with family income at or below 138% of the poverty threshold who lack health insurance (AGECAT=0, IPRCAT=3)","census_sahie","Census API timeseries/healthins/sahie","PCTUI_PT;PCTUI_MOE;NUI_PT;NIPR_PT;AGECAT;IPRCAT;YEAR","Population under 65 with income at or below 138% of poverty","percent","area_estimate","share","recompute_from_components","model_interval","nation;state;county","2008-2024 annual","annual","2008","2008-2024","Pre-2008 estimates use the earlier method","","parents;time;subgroups","line;map;bar","Wider intervals than all-income estimates; 138% threshold relates to Medicaid expansion eligibility; race detail only for states","https://www.census.gov/programs-surveys/sahie/about.html"
"uninsured_adults_18_64_places","health","health_insurance","Current lack of health insurance among adults 18-64 (PLACES)","Model-based percentage of adults aged 18-64 reporting no current health insurance (BRFSS), crude and age-adjusted","cdc_places","PLACES 2025 release (Socrata swc5-untb county; eav7-hnsx place; cwsq-ngmh tract; qnzd-25i4 ZCTA)","measureid=ACCESS2;datavaluetypeid=CrdPrv|AgeAdjPrv;data_value;low_confidence_limit;high_confidence_limit","Adults aged 18-64","percent","area_estimate","share","not_aggregable","model_interval","nation;county;place;tract;zcta","BRFSS 2018-2023 (2020-2025 releases)","annual","2018","Single release only (CDC: model cannot track local change over time)","2024 release: 2020 Census geography and CT planning regions; 2023 release: CI simulation change","Population under 50 suppressed; KY and PA missing in 2025 release (BRFSS 2023)","parents;distribution;within_area","map;dot;bar","Prefer ACS or SAHIE for insurance levels; PLACES useful for tract and ZCTA patterns","https://www.cdc.gov/places/methodology/index.html"
"primary_care_hpsa_hrsa","health","healthcare_access","Primary care Health Professional Shortage Area designation and score (HRSA)","Whether an area (county, county subdivision or census tract component) or facility is covered by a designated primary care HPSA, and its HPSA score (higher = greater shortage; observed 0-25); types: geographic, high-needs geographic, population (e.g., low-income) and facility","hrsa_hpsa","BCD_HPSA_FCT_DET_PC.csv","HPSA ID;HPSA Status;Designation Type;HPSA Score;HPSA Component Type Description;HPSA Geography Identification Number;HPSA Designation Population;HPSA FTE;HPSA Formal Ratio;Rural Status;HPSA Designation Date;Withdrawn Date","Primary care HPSA designations and their components","HPSA score or designation flag","administrative","index","not_aggregable","administrative_no_sampling_error","county;cousub;tract;facility","Current status (daily file); designation and withdrawal dates allow history reconstruction","daily","","Point-in-time designation status","Status 'No Data Provided' appears only in pre-August 2014 records","","within_area;parents","map;table","Filter HPSA Status = Designated (optionally Proposed For Withdrawal); population HPSAs cover subgroups only; overlapping designations possible; administrative, not a need estimate","https://data.hrsa.gov/topics/health-workforce/shortage-areas"
"mental_health_hpsa_hrsa","health","healthcare_access","Mental health Health Professional Shortage Area designation and score (HRSA)","Whether an area or facility is covered by a designated mental health HPSA, and its HPSA score (higher = greater shortage)","hrsa_hpsa","BCD_HPSA_FCT_DET_MH.csv","HPSA ID;HPSA Status;Designation Type;HPSA Score;HPSA Component Type Description;HPSA Geography Identification Number;HPSA Designation Population;Rural Status","Mental health HPSA designations and their components","HPSA score or designation flag","administrative","index","not_aggregable","administrative_no_sampling_error","county;cousub;tract;facility","Current status (daily file)","daily","","Point-in-time designation status","Status 'No Data Provided' appears only in pre-August 2014 records","","within_area;parents","map;table","Administrative designation, not a need estimate; population HPSAs cover subgroups only","https://data.hrsa.gov/topics/health-workforce/shortage-areas"
"dental_hpsa_hrsa","health","healthcare_access","Dental health Health Professional Shortage Area designation and score (HRSA)","Whether an area or facility is covered by a designated dental health HPSA, and its HPSA score (higher = greater shortage)","hrsa_hpsa","BCD_HPSA_FCT_DET_DH.csv","HPSA ID;HPSA Status;Designation Type;HPSA Score;HPSA Component Type Description;HPSA Geography Identification Number;HPSA Designation Population;Rural Status","Dental HPSA designations and their components","HPSA score or designation flag","administrative","index","not_aggregable","administrative_no_sampling_error","county;cousub;tract;facility","Current status (daily file)","daily","","Point-in-time designation status","Status 'No Data Provided' appears only in pre-August 2014 records","","within_area;parents","map;table","Administrative designation; population HPSAs cover subgroups only","https://data.hrsa.gov/topics/health-workforce/shortage-areas"
"medically_underserved_area_hrsa","health","healthcare_access","Medically Underserved Area/Population designation and IMU score (HRSA)","Whether an area (county, county subdivision or tract component) is in a designated MUA or MUP, with Index of Medical Underservice score (0 = highest need to 100; 62.0 or less qualifies; governor designations have no score)","hrsa_mua","MUA_DET.csv","MUA/P ID;MUA/P Status Description;Designation Type;IMU Score;Medically Underserved Area/Population (MUA/P) Component Geographic Type Description;State and County Federal Information Processing Standard Code;County Subdivision FIPS Code;Census Tract;Designation Date;Rural Status Description","Designated MUA/P components","IMU score 0-100 or designation flag","administrative","index","not_aggregable","administrative_no_sampling_error","county;cousub;tract","Current status (daily file); designations dating back to at least 1994","daily","","Point-in-time designation status","IMU scores reflect data at designation or update time","","within_area;parents","map;table","Score applies to the whole MUA/P; MUPs cover specific populations; administrative, not a current need estimate","https://data.hrsa.gov/topics/health-workforce/shortage-areas"
"health_center_sites_count_hrsa","health","healthcare_access","HRSA health center and look-alike service sites (count)","Number of active service delivery sites of HRSA Health Center Program awardees (FQHCs) and FQHC Look-Alikes located in the area, optionally by location type (permanent, seasonal, mobile van)","hrsa_health_center_sites","Health_Center_Service_Delivery_and_LookAlike_Sites.csv","Health Center Type;Health Center Location Type Description;Site Status Description;Geocoding Artifact Address Primary X Coordinate;Geocoding Artifact Address Primary Y Coordinate;State and County Federal Information Processing Standard Code;Site Postal Code;Operating Hours per Week","Active health center service delivery sites","count","facility","count","sum","administrative_no_sampling_error","point;county;cd","Current snapshot (daily refresh)","daily","","Point-in-time only","","Street address and ZIP suppressed for domestic violence shelter sites","parents;within_area","map;table","Counts sites, not capacity or patients; trends require archived snapshots","https://data.hrsa.gov/data/download"
"primary_care_physicians_per_100k_ahrf","health","healthcare_access","Primary care physicians per 100,000 residents (AHRF)","Non-federal primary care physicians (MD and DO) in patient care, excluding residents, per 100,000 residents; numerator from AHRF (AMA Physician Masterfile), denominator from county population","hrsa_ahrf","AHRF 2024-2025 county file AHRF2025hp.csv","phys_nf_prim_care_pc_exc_rsdt_23;phys_nf_prim_care_pc_exc_rsdt_22","County resident population (denominator)","per 100,000 population","administrative","rate","recompute_from_components","administrative_no_sampling_error","nation;state;county","2022 and 2023 in the 2024-2025 AHRF; earlier years in prior releases","annual","","Within the AHRF series, checking definitions per release","Variable names change each release; Connecticut planning regions added alongside legacy counties","","parents;time;distribution","bar;map;line","Headcounts by county, not FTE; label inferred from AHRF variable name (confirm in technical documentation); CHR&R v004 uses the same AHRF/AMA source","https://data.hrsa.gov/topics/health-workforce/ahrf"
"dentists_per_100k_ahrf","health","healthcare_access","Dentists per 100,000 residents (AHRF, NPI-based)","Dentists with a National Provider Identifier located in the county per 100,000 residents","hrsa_ahrf","AHRF 2024-2025 county file AHRF2025hp.csv","dent_npi_24;dent_npi_23","County resident population (denominator)","per 100,000 population","administrative","rate","recompute_from_components","administrative_no_sampling_error","nation;state;county","2023 and 2024 in the 2024-2025 AHRF","annual","","Within the AHRF NPI-based series","Variable names change each release","","parents;time;distribution","bar;map","Counts NPI holders by location, not practicing FTE; label inferred from AHRF variable name (confirm in technical documentation)","https://data.hrsa.gov/topics/health-workforce/ahrf"
"hospitals_count_cms","health","healthcare_access","Medicare-registered hospitals (count, CMS)","Number of Medicare-registered hospitals located in the area, optionally by hospital type (acute care, critical access, psychiatric, children's, rural emergency, VA, DoD) and emergency services","cms_hospital_general_info","Hospital General Information (Provider Data Catalog xubh-q36u)","facility_id;hospital_type;hospital_ownership;emergency_services;countyparish;state;zip_code;address","Medicare-registered hospitals","count","facility","count","sum","administrative_no_sampling_error","facility","Current quarterly snapshot (released 2026-08-13)","quarterly","","Point-in-time only","","","parents;within_area","table;map","No FIPS or coordinates (join on county name and state, or geocode addresses); counts facilities, not beds or capacity","https://data.cms.gov/provider-data/sites/default/files/data_dictionaries/hospital/HOSPITAL_Data_Dictionary.pdf"
"hospital_overall_star_rating_cms","health","healthcare_access","Hospital overall star rating (CMS)","CMS Overall Hospital Quality Star Rating (1-5) summarizing quality measures reported on Care Compare, per hospital","cms_hospital_general_info","Hospital General Information (Provider Data Catalog xubh-q36u)","facility_id;hospital_overall_rating;hospital_overall_rating_footnote;hospital_type","Medicare-registered hospitals with enough reported measures","stars (1-5)","facility","index","not_aggregable","administrative_no_sampling_error","facility","Current quarterly snapshot","quarterly","","Point-in-time only","","'Not Available' for 2,245 of 5,419 hospitals in the August 2026 file (including 983 critical access and all psychiatric hospitals)","within_area","table","Facility attribute, not an area measure; do not average across hospitals without care","https://data.cms.gov/provider-data/sites/default/files/data_dictionaries/hospital/HOSPITAL_Data_Dictionary.pdf"
"routine_checkup_places","health","healthcare_access","Routine checkup within the past year among adults (PLACES)","Model-based percentage of adults 18+ reporting a routine checkup with a doctor within the past year (BRFSS), crude and age-adjusted","cdc_places","PLACES 2025 release (Socrata swc5-untb county; eav7-hnsx place; cwsq-ngmh tract; qnzd-25i4 ZCTA)","measureid=CHECKUP;datavaluetypeid=CrdPrv|AgeAdjPrv;data_value;low_confidence_limit;high_confidence_limit","Adults aged 18+","percent","area_estimate","share","not_aggregable","model_interval","nation;county;place;tract;zcta","BRFSS 2018-2023 (2020-2025 releases)","annual","2018","Single release only (CDC: model cannot track local change over time)","2024 release: 2020 Census geography and CT planning regions; 2023 release: CI simulation change","Population under 50 suppressed; KY and PA missing in 2025 release (BRFSS 2023)","parents;distribution;within_area","map;dot;bar","Model-based; measures use of care, not supply","https://www.cdc.gov/places/methodology/index.html"
"premature_death_ypll_chr","health","mortality","Premature death: years of potential life lost before 75 (CHR&R)","Years of potential life lost before age 75 per 100,000 population, age-adjusted, from 3 years of NCHS death data (2025 release: 2020-2022)","uwphi_chrr","CHR&R analytic_data2025_v3.csv; chr_trends_csv_2025.csv","v001_rawvalue;v001_numerator;v001_denominator;v001_cilow;v001_cihigh;v001_flag","County residents under 75","YPLL per 100,000","event","rate","not_aggregable","model_interval","nation;state;county","Annual releases 2010-2025 (each pooling 3 death years)","annual","2010 release","Trends file across releases; overlapping 3-year windows","Population-estimate method changes for data years 2004-2006 and 2019-2021","Flag 1 = unreliable, 2 = suppressed","parents;time;subgroups","bar;line;map","Overlapping pooled years are not independent; CHR&R terms restrict commercial use","https://www.countyhealthrankings.org/health-data/methodology-and-sources/data-documentation"
"life_expectancy_chr","health","mortality","Life expectancy at birth (CHR&R)","Average number of years a person can expect to live, from 3 years of NCHS mortality data (2025 release: 2020-2022)","uwphi_chrr","CHR&R analytic_data2025_v3.csv","v147_rawvalue;v147_cilow;v147_cihigh;v147_race_aian;v147_race_asian;v147_race_black;v147_race_hispanic;v147_race_white","County residents","years","event","other","not_aggregable","model_interval","nation;state;county","Recent annual releases through 2025 (earliest release not verified)","annual","","Across releases with overlapping 3-year windows","Population-estimate method change for data years 2019-2021","Flags for unreliable or suppressed values","parents;time;subgroups","bar;dot;map","2020-2022 window includes COVID-19 years; CHR&R terms restrict commercial use","https://www.countyhealthrankings.org/health-data/methodology-and-sources/data-documentation"
"life_expectancy_tract_usaleep","health","mortality","Life expectancy at birth by census tract, 2010-2015 (USALEEP)","Tract life expectancy at birth from abridged period life tables for 2010-2015, with standard error and a flag for observed or predicted age-specific death rates","nchs_usaleep","USALEEP US_A.CSV (also state files; Socrata 5h56-n989)","Tract ID;e(0);se(e(0));Abridged life table flag","Residents of 2010 census tracts","years","area_estimate","other","not_aggregable","model_interval","state;tract","2010-2015 (single period)","one-time","2010","Single period","2010 tract boundaries (crosswalk needed for 2020 tracts)","No estimates for Maine, Wisconsin and tracts with insufficient data (65,662 tracts estimated)","within_area;parents;distribution","map;dot","Dated; large standard errors for small tracts; predicted rates for some age groups","https://www.cdc.gov/nchs/nvss/usaleep/usaleep.html"
"age_adjusted_death_rate_wonder","health","mortality","All-cause age-adjusted death rate (CDC WONDER)","Deaths from all causes per 100,000 residents, age-adjusted to the 2000 U.S. standard population (WONDER default), by county, state or nation of residence; cause-specific rates available via ICD-10 groupings","cdc_wonder_ucd","WONDER Underlying Cause of Death 2018-2024 single race (1999-2020 bridged race for earlier years)","Deaths;Population;Crude Rate;Age Adjusted Rate and 95% CI (query output measures)","U.S. resident deaths and population","deaths per 100,000","event","rate","recompute_from_components","model_interval","nation;region;division;state;county","1999-2024 annual","annual","1999","1999-2024 for all-cause totals (race detail changes in 2018)","ICD-10 from 1999; single-race categories from 2018; unreliable-rate rule changed with 2024 data; Connecticut county rates unavailable 2022 and later","Counts 1-9 suppressed; rates for 0-9 deaths suppressed; rates hidden when 95% CI width exceeds 160% of the rate","parents;time;subgroups","line;bar;map","County export only via the web form; pool years for small counties; 95% CI reflects random variation (not a model), placed under model_interval for lack of a better code","https://wonder.cdc.gov/wonder/help/ucd-expanded.html"
"drug_overdose_deaths_12mo_vsrr","health","mortality","Drug overdose deaths, 12-month ending, provisional (NCHS VSRR)","Provisional count of drug overdose deaths among county residents in the 12 months ending in the reference month","nchs_vsrr_county_overdose","VSRR Provisional County-Level Drug Overdose Death Counts (Socrata gb4e-yj24)","provisional_drug_overdose;monthendingdate;fips;percentage_of_records_pending;footnote;code2013","County residents' deaths","deaths","event","count","sum","administrative_no_sampling_error","county","Monthly 12-month-ending periods, January 2020-December 2025","quarterly","2020","2020-2025 (provisional, revised each update)","Provisional counts revised as records arrive","Counts 1-9 suppressed","parents;time","line;map","Counts only (compute rates with population); sums across counties omit suppressed cells; pending investigations understate recent counts","https://www.cdc.gov/nchs/nvss/vsrr/prov-county-drug-overdose.htm"
"drug_overdose_death_rate_injury_dashboard","health","mortality","Drug overdose death rate (CDC injury dashboard)","Deaths from unintentional or undetermined-intent drug overdose per 100,000 residents, annual or trailing twelve months; Bayesian-modeled rate when 1-9 deaths","cdc_ncipc_injury_dashboard","Mapping Injury, Overdose, and Violence - County (Socrata psx4-wq38)","intent=Drug_OD;period;count_sup;rate;rate_m;rate_m_ci;ttm_date_range","County residents","deaths per 100,000","event","rate","recompute_from_components","administrative_no_sampling_error","nation;state;county;other:census tract groups","Annual 2019-2024 plus trailing twelve months","monthly","2019","2019-2024","Mix of provisional and final data; modeled rates for 1-9 deaths","Counts under 10 shown as 1-9; unstable modeled rates suppressed","parents;time","line;map;bar","No age adjustment stated; modeled rates (rate_m = 1) carry credible intervals and cannot be re-aggregated","https://www.cdc.gov/injury-violence-data/about/index.html"
"suicide_death_rate_injury_dashboard","health","mortality","Suicide death rate (CDC injury dashboard)","Deaths from suicide by any method per 100,000 residents, annual or trailing twelve months; Bayesian-modeled rate when 1-9 deaths","cdc_ncipc_injury_dashboard","Mapping Injury, Overdose, and Violence - County (Socrata psx4-wq38)","intent=All_Suicide;period;count_sup;rate;rate_m;rate_m_ci;ttm_date_range","County residents","deaths per 100,000","event","rate","recompute_from_components","administrative_no_sampling_error","nation;state;county;other:census tract groups","Annual 2019-2024 plus trailing twelve months","monthly","2019","2019-2024","Mix of provisional and final data; modeled rates for 1-9 deaths","Counts under 10 shown as 1-9; unstable modeled rates suppressed","parents;time","line;map;bar","No age adjustment stated; small counties mostly modeled; firearm suicide available as FA_Suicide","https://www.cdc.gov/injury-violence-data/about/index.html"
"low_income_low_access_tract_sram","food_access","food_access","Low-income, low-access tract: SNAP retailers at 1 mile urban / 10 miles rural, straight-line (FARA SRAM)","Flag (1/0) for a low-income census tract that ERS classifies as low access because residents live beyond 1 mile (urban) or 10 miles (rural) straight-line distance from the nearest SNAP-authorized retailer (farmers markets and delivery routes excluded); variants at 0.5/10 and 1/20 miles and a vehicle-access version","usda_ers_fara","SRAM Straight Line Distance Data.csv (2025)","SD_SRAM_LILATracts_1And10;SD_SRAM_LILATracts_halfAnd10;SD_SRAM_LILATracts_1And20;SD_SRAM_LILATracts_Vehicle;SD_SRAM_LA1and10","2020 census tracts (50 states and DC)","flag (1/0)","area_estimate","other","not_aggregable","modeled_no_published_error","tract","2025 (STARS June 2025; 2020 Census; 2020-24 ACS)","irregular","2025","Single year; not comparable with LRAM","New July 2026 method differs from LRAM (store universe, gridded population, driving option)","Blank when unavailable","parents;within_area","map;table","To summarize areas, count flagged tracts or sum their population rather than averaging flags; proximity only","https://www.ers.usda.gov/data-products/food-access-research-atlas/documentation"
"low_income_low_access_tract_driving_sram","food_access","food_access","Low-income, low-access tract: SNAP retailers at 1 mile urban / 10 miles rural, driving distance (FARA SRAM)","Same as the straight-line LILA flag but using road-network driving distance to the nearest SNAP-authorized retailer","usda_ers_fara","SRAM Driving Distance Data.csv (2025)","DD_SRAM_LILATracts_1And10;DD_SRAM_LILATracts_halfAnd10;DD_SRAM_LILATracts_1And20;DD_SRAM_LILATracts_Vehicle;DD_SRAM_LA1and10","2020 census tracts (50 states and DC)","flag (1/0)","area_estimate","other","not_aggregable","modeled_no_published_error","tract","2025","irregular","2025","Single year; driving-distance measures are new in 2026","First FARA release with driving distance","Blank when unavailable; 101 stores (97 in Alaska) excluded from driving calculations","parents;within_area","map;table","Depends on road-network quality; assumes car travel (no transit or walking)","https://www.ers.usda.gov/data-products/food-access-research-atlas/documentation"
"low_access_population_share_sram","food_access","food_access","Population far from any SNAP-authorized retailer, 1 mile urban / 10 miles rural (FARA SRAM)","Share of tract population living beyond 1 mile (urban tracts) or 10 miles (rural tracts) straight-line from the nearest SNAP-authorized retailer: SD_SRAM_LAPOP1_10 / POP2020 (driving version uses DD_SRAM_LAPOP1_10)","usda_ers_fara","SRAM Straight Line Distance Data.csv; SRAM Driving Distance Data.csv; SRAM General Tract Characteristics Data.csv","SD_SRAM_LAPOP1_10;DD_SRAM_LAPOP1_10;SD_SRAM_LALOWI1_10;POP2020;Urban","Tract population (2020 Census, distributed with LandScan grid)","percent","area_estimate","share","recompute_from_components","modeled_no_published_error","tract","2025","irregular","2025","Single year","Not comparable with LRAM low-access counts (different store universe and methods)","Blank when unavailable","parents;within_area;subgroups","map;bar","Sum counts across tracts before dividing; subgroup counts for low-income, children, seniors, no-vehicle and SNAP households; general characteristics file drops the tract ID leading zero","https://www.ers.usda.gov/data-products/food-access-research-atlas/documentation"
"low_income_low_access_tract_lram","food_access","food_access","Low-income, low-access tract: supermarkets at 1 mile urban / 10 miles rural (FARA LRAM)","Flag (1/0) for a low-income tract where residents live beyond 1 mile (urban) or 10 miles (rural) from the nearest supermarket, supercenter or large grocery store (STARS and TDLinx directories), straight-line distance","usda_ers_fara","2019 LRAM file Food Access Research Atlas.csv (archived 2015 and 2010 files)","LILATracts_1And10;LILATracts_halfAnd10;LILATracts_1And20;LILATracts_Vehicle;LowIncomeTracts;Urban;Pop2010","2010 census tracts (50 states and DC)","flag (1/0)","area_estimate","other","not_aggregable","modeled_no_published_error","tract","2010, 2015, 2019","irregular","2010","2010, 2015 and 2019 comparable on 2010 tracts","Replaced by SRAM as the current map in July 2026; 2006 Food Desert Locator used 2000 tracts","Blank when unavailable","parents;within_area;time","map;table","Excludes smaller grocers, dollar and convenience stores (ERS notes this may overstate low access); 2010 tract geography; population from 2010 Census","https://www.ers.usda.gov/data-products/food-access-research-atlas/documentation"
"low_access_population_share_fea","food_access","food_access","Population with low access to a supermarket or large grocery store, county (Food Environment Atlas)","Percentage of county population living more than 1 mile (urban) or 10 miles (rural) from a supermarket, supercenter or large grocery store, aggregated from the LRAM tract analysis","usda_ers_fea","Food Environment Atlas StateAndCountyData.csv (July 2025 version)","PCT_LACCESS_POP19;PCT_LACCESS_POP15;LACCESS_POP19;LACCESS_POP15;PCT_LACCESS_LOWI19;PCT_LACCESS_HHNV19","County population (2010 Census base)","percent","area_estimate","share","recompute_from_components","modeled_no_published_error","county","2015, 2019","irregular","2015","2015-2019","Not comparable with 2025 SRAM measures","-9999 = not available","parents;time","map;bar","Supermarket-based definition (LRAM); 2010 population base","https://www.ers.usda.gov/data-products/food-environment-atlas/documentation"
"food_insecurity_adults_places","food_access","food_access","Food insecurity in the past 12 months among adults (PLACES)","Model-based percentage of adults 18+ reporting that food they bought did not last and they lacked money to get more (always, usually or sometimes) in the past 12 months (BRFSS social determinants module)","cdc_places","PLACES 2025 release (Socrata swc5-untb county; eav7-hnsx place; cwsq-ngmh tract; qnzd-25i4 ZCTA)","measureid=FOODINSECU;datavaluetypeid=CrdPrv|AgeAdjPrv;data_value;low_confidence_limit;high_confidence_limit","Adults aged 18+","percent","area_estimate","share","not_aggregable","model_interval","nation;county;place;tract;zcta","BRFSS 2022-2023 (2024-2025 releases)","annual","2022","Single release only","Social-needs measures added in 2024 release; label changed in 2025 to add 'in the past 12 months'","Only the 39 states + DC using the optional module; population under 50 suppressed","parents;distribution;within_area","map;dot;bar","Single BRFSS item for adults, not the USDA household food security scale; state coverage depends on module uptake","https://www.cdc.gov/places/measure-definitions/health-related-social-needs.html"
"food_insecurity_rate_mmg","food_access","food_access","Food insecurity rate, all people (Map the Meal Gap)","Model-based percentage of people living in food-insecure households, estimated by applying state-level CPS food security relationships (unemployment, poverty, median income, homeownership, disability, race/ethnicity shares) to local ACS and BLS data","feeding_america_mmg","Map the Meal Gap 2026 release (2024 data)","","Total population","percent","area_estimate","share","not_aggregable","","state;county;cd","2024 (2026 release) and earlier annual releases","annual","","Within a release; model updates in 2020 and 2026 releases","2018 data (2020 release) added disability and adjusted poverty; 2024 data changed CPS aggregation; 2023 county estimates corrected","","parents;time","map;bar","Dataset requires request form, so variable names and error measures were not verified; CHR&R v139 republishes this measure","https://www.feedingamerica.org/research/map-the-meal-gap/how-we-got-the-map-data"
"child_food_insecurity_rate_mmg","food_access","food_access","Child food insecurity rate (Map the Meal Gap)","Model-based percentage of children living in food-insecure households, using the MMG model with household-with-children predictors","feeding_america_mmg","Map the Meal Gap 2026 release (2024 data)","","Children under 18","percent","area_estimate","share","not_aggregable","","state;county;cd","2024 (2026 release) and earlier annual releases","annual","","Within a release","Same model changes as the overall rate","","parents;time","map;bar","Dataset requires request form; variable names not verified; future updates depend on CPS food security data after USDA ended its annual report","https://www.feedingamerica.org/research/map-the-meal-gap/how-we-got-the-map-data"
"grocery_stores_per_1000_fea","food_access","food_environment","Grocery stores per 1,000 residents (Food Environment Atlas)","Supermarkets and smaller grocery stores (County Business Patterns NAICS 445110 establishments) per 1,000 county residents","usda_ers_fea","Food Environment Atlas StateAndCountyData.csv (July 2025 version)","GROCPTH20;GROCPTH16;GROC20;GROC16","County population","stores per 1,000 residents","establishment","per_capita","recompute_from_components","administrative_no_sampling_error","county","2016, 2020","irregular","","2016-2020 in current version","Each Atlas version re-bases years","-9999 = not available","parents;time;distribution","bar;map","Establishment counts, not store size, prices or quality","https://www.ers.usda.gov/data-products/food-environment-atlas/documentation"
"snap_authorized_stores_per_1000_fea","food_access","food_environment","SNAP-authorized stores per 1,000 residents (Food Environment Atlas)","Average monthly number of stores authorized to accept SNAP benefits per 1,000 county residents (FNA data)","usda_ers_fea","Food Environment Atlas StateAndCountyData.csv (July 2025 version)","SNAPSPTH23;SNAPSPTH17;SNAPS23;SNAPS17","County population","stores per 1,000 residents","establishment","per_capita","recompute_from_components","administrative_no_sampling_error","county","2017, 2023","irregular","","2017-2023 in current version","Each Atlas version re-bases years","-9999 = not available","parents;time;distribution","bar;map","Includes all SNAP store types (convenience stores were 47% of active retailers in FNA data at end of 2025)","https://www.ers.usda.gov/data-products/food-environment-atlas/documentation"
"fast_food_restaurants_per_1000_fea","food_access","food_environment","Fast-food restaurants per 1,000 residents (Food Environment Atlas)","Limited-service restaurants (County Business Patterns NAICS 722513) per 1,000 county residents","usda_ers_fea","Food Environment Atlas StateAndCountyData.csv (July 2025 version)","FFRPTH20;FFRPTH16;FFR20;FFR16","County population","restaurants per 1,000 residents","establishment","per_capita","recompute_from_components","administrative_no_sampling_error","county","2016, 2020","irregular","","2016-2020 in current version","Each Atlas version re-bases years","-9999 = not available","parents;time;distribution","bar;map","Establishment location, not customers; per-resident rates run high where outlets serve visitors or commuters","https://www.ers.usda.gov/data-products/food-environment-atlas/documentation"
"convenience_stores_per_1000_fea","food_access","food_environment","Convenience stores per 1,000 residents (Food Environment Atlas)","Convenience stores and gas stations with convenience stores (County Business Patterns NAICS 445120, 447110) per 1,000 county residents","usda_ers_fea","Food Environment Atlas StateAndCountyData.csv (July 2025 version)","CONVSPTH20;CONVSPTH16;CONVS20;CONVS16","County population","stores per 1,000 residents","establishment","per_capita","recompute_from_components","administrative_no_sampling_error","county","2016, 2020","irregular","","2016-2020 in current version","Each Atlas version re-bases years","-9999 = not available","parents;time;distribution","bar;map","Establishment counts only","https://www.ers.usda.gov/data-products/food-environment-atlas/documentation"
"snap_authorized_retailers_count_fna","food_access","food_environment","SNAP-authorized retailers (count, FNA retailer data)","Number of SNAP-authorized retailers located in an area on a reference date (authorization date on or before the date and end date blank or later), optionally by store type (e.g., Supermarket, Super Store, Convenience Store)","usda_fna_snap_retailers","Historical SNAP Retailer Locator Data 2005-2025.csv","Record ID;Store Name;Store Type;Latitude;Longitude;State;County;Zip Code;Authorization Date;End Date","SNAP-authorized retail locations","count","establishment","count","sum","administrative_no_sampling_error","point","Any reference date 2005-2025 (current as of December 31, 2025)","periodic","2005","2005-2025 (early years may miss retailers that ended before the 20-year window)","Store types are FNA administrative categories","","parents;time;within_area","map;bar;line","Exclude Farmers' Market and Delivery Route types for fixed-store access; coordinates can be wrong; authorization does not describe stock or size","https://www.fna.usda.gov/snap/retailer-locator/data"
"food_environment_index_chr","food_access","food_environment","Food Environment Index (CHR&R)","Index from 0 (worst) to 10 (best) combining limited access to healthy foods (Food Environment Atlas) and food insecurity (Map the Meal Gap)","uwphi_chrr","CHR&R analytic_data2025_v3.csv","v133_rawvalue","County population","index 0-10","area_estimate","index","not_aggregable","none_published","nation;state;county","2025 release uses 2019 and 2022 inputs; earlier annual releases","annual","","Within a release","Inputs and years change by release","","parents;distribution","bar;map","Composite of modeled inputs with state effects; CHR&R advises comparing within states; license restricts commercial use","https://www.countyhealthrankings.org/health-data/methodology-and-sources/data-documentation"
"snap_household_receipt_rate_acs","food_access","food_assistance","Households receiving SNAP (ACS)","Percentage of households that received Food Stamps/SNAP at any time in the past 12 months: B22001_002 / B22001_001","census_acs_5yr","ACS table B22001 (also B22002, B22005A-I)","B22001_001;B22001_002;B22001_003","Households","percent","household","share","recompute_from_components","acs_moe","nation;region;division;state;county;cousub;place;tract;zcta;cbsa;csa;cd;puma;sd","1-year 2005-2024 for areas with 65,000+ people (2020 experimental only); 5-year periods through 2020-2024","annual","2005","2005 onward (1-year); non-overlapping 5-year periods","2020 1-year experimental only","No block-group data","parents;time;subgroups;distribution","bar;line;map","Self-reported receipt is under-reported relative to FNA administrative counts; receipt at any time in 12 months, not monthly participation","https://www.census.gov/acs/www/about/why-we-ask-each-question/food-stamps/"
"snap_receipt_among_poverty_households_acs","food_access","food_assistance","SNAP receipt among households below poverty (ACS)","Percentage of households with income below the poverty level in the past 12 months that received SNAP: B22003_003 / (B22003_003 + B22003_006)","census_acs_5yr","ACS table B22003","B22003_003;B22003_006;B22003_004;B22003_007","Households with income below poverty","percent","household","share","recompute_from_components","acs_moe","nation;region;division;state;county;cousub;place;tract;zcta;cbsa;csa;cd;puma;sd","1-year 2005-2024 for areas with 65,000+ people; 5-year periods through 2020-2024","annual","2005","2005 onward (1-year); non-overlapping 5-year periods","2020 1-year experimental only","No block-group data","parents;time","bar;map","Not a program participation rate (SNAP eligibility rules differ from the poverty line); survey under-reporting","https://www.census.gov/acs/www/about/why-we-ask-each-question/food-stamps/"
"snap_receipt_adults_places","food_access","food_assistance","Received food stamps/SNAP in the past 12 months among adults (PLACES)","Model-based percentage of adults 18+ reporting receipt of SNAP benefits (on an EBT card) in the past 12 months (BRFSS social determinants module)","cdc_places","PLACES 2025 release (Socrata swc5-untb county; eav7-hnsx place; cwsq-ngmh tract; qnzd-25i4 ZCTA)","measureid=FOODSTAMP;datavaluetypeid=CrdPrv|AgeAdjPrv;data_value;low_confidence_limit;high_confidence_limit","Adults aged 18+","percent","area_estimate","share","not_aggregable","model_interval","nation;county;place;tract;zcta","BRFSS 2022-2023 (2024-2025 releases)","annual","2022","Single release only","Social-needs measures added in 2024 release; label changed in 2025 to add 'in the past 12 months'","Only the 39 states + DC using the optional module; population under 50 suppressed","parents;distribution;within_area","map;dot;bar","Adult-level item; ACS B22001 (households) and FNA counts measure different units","https://www.cdc.gov/places/measure-definitions/health-related-social-needs.html"
"snap_persons_county_fna","food_access","food_assistance","SNAP participants by county or project area, January and July (FNA)","Number of persons participating in SNAP in the reporting month (public assistance and non-public assistance households combined), by county or SNAP project area","usda_fna_snap_data","Bi-Annual State Project Area/County Level Participation and Issuance Data (FNS-388A) snap-zip-fns388a-2.zip","Calc: SNAP Total PA and Non-PA People;SNAP All Persons Public Assistance Participation;SNAP All Persons Non-Public Assistance Participation;Calc: SNAP Total PA and Non-PA Households;Substate/Region","SNAP participants","persons","administrative","count","sum","administrative_no_sampling_error","county;other:SNAP project area","January and July, 1989-July 2025","semiannual","1989","Consistent where a state reports by county","","","parents;time","line;bar;map","Not all states report by county; substate codes combine state FIPS, county FIPS and office, and statewide rows (e.g., code 999) are not counties; one month, not an annual average","https://www.fna.usda.gov/pd/supplemental-nutrition-assistance-program-snap"
"snap_issuance_county_fna","food_access","food_assistance","SNAP benefit issuance by county or project area, January and July (FNA)","Total SNAP benefits issued in the reporting month (public assistance and non-public assistance) by county or SNAP project area","usda_fna_snap_data","Bi-Annual State Project Area/County Level Participation and Issuance Data (FNS-388A) snap-zip-fns388a-2.zip","SNAP All Total Actual PA & Non-PA Issuance;Substate/Region","SNAP benefits issued","dollars","administrative","dollars","sum","administrative_no_sampling_error","county;other:SNAP project area","January and July, 1989-July 2025","semiannual","1989","Nominal dollars; adjust for inflation and benefit-rule changes","","","parents;time","line;bar","Not all states report by county; nominal dollars; may include disaster assistance","https://www.fna.usda.gov/pd/supplemental-nutrition-assistance-program-snap"
"snap_persons_state_monthly_fna","food_access","food_assistance","SNAP participants by state and month (FNA)","Number of persons participating in SNAP by state and month","usda_fna_snap_data","SNAP state-level tables (snap-persons-9.xlsx; FY files in snap-zip-fy69tocurrent-9.zip)","Persons participating by State/Territory and month","SNAP participants","persons","administrative","count","sum","administrative_no_sampling_error","nation;state","Monthly FY1989-June 2026 (national annual from 1969)","monthly","1989","1989 onward","Recent months preliminary and revised; large 2025-2026 changes in some states (Arizona about -52.5% June 2025 to June 2026 initial)","","parents;time","line;bar","Preliminary months subject to significant revision; may include disaster assistance","https://www.fna.usda.gov/pd/supplemental-nutrition-assistance-program-snap"
