source_id,name,agency,subjects,description,doc_url,access_url,access_method,access_requirements,license,geo_levels,time_coverage,update_cadence,history_notes,suppression_rules,limitations,doc_status,doc_checked,doc_evidence,sample_status,sample_checked,sample_evidence
"census_pep_county_totals","Population Estimates Program (PEP) county, state and national totals and components of change, Vintage 2025 (CO-EST2025-ALLDATA, NST-EST2025-ALLDATA)","U.S. Census Bureau, Population Division","demographics","Annual July 1 resident population estimates 2020-2025, the April 1 2020 estimates base, and components of change (births, deaths, natural change, international, domestic and net migration, residual, group quarters) with rates per 1,000 for nation, regions, divisions, states and counties.","https://www2.census.gov/programs-surveys/popest/technical-documentation/file-layouts/2020-2025/CO-EST2025-ALLDATA.pdf","https://www2.census.gov/programs-surveys/popest/datasets/2020-2025/counties/totals/co-est2025-alldata.csv;https://www2.census.gov/programs-surveys/popest/datasets/2020-2025/state/totals/NST-EST2025-ALLDATA.csv","bulk_download","None (keyless HTTPS). CSV is Latin-1 (ISO-8859-1), not UTF-8; STATE/COUNTY are zero-padded text codes; SUMLEV 040 state and 050 county rows in the county file; NST file adds 010 nation, 020 region, 030 division.","Public domain (U.S. federal government work)","nation;region;division;state;county","4/1/2020 estimates base; 7/1/2020-7/1/2025 annual estimates; components 4/1/2020-6/30/2025 (Vintage 2025)","Annual vintage (nation/state about December-January; counties about March; V2025 counties released March 2026). Each vintage revises all post-2020 years.","Boundaries as of January 1, 2025. Connecticut appears as 9 planning regions (09110-09190) since Vintage 2022 (V2021 used legacy counties 09001-09015). 2010-2019 must come from the 2010-2020 intercensal files and 2000-2009 from the 2000-2010 intercensal files.","None; totals published for every county.","Model-based estimates with no published error; never mix vintages; residual component; ESTIMATESBASE2020 differs slightly from 2020 Census counts (e.g., Marion Co. IN 977,202 vs intercensal CENSUS2020POP 977,206).","verified","2026-09-28","Fetched layout PDF (release March 2026): fields SUMLEV to RNETMIG2025; notes say boundaries are 'as of January 1, 2025'.","retrieved","2026-09-28","Downloaded full CSV (2,071,735 bytes; 51 SUMLEV 040 + 3,144 SUMLEV 050 rows). Marion Co. IN (18097) POPESTIMATE2025 = 992,196; one Latin-1 byte (0xF1)."
"census_pep_subcounty_totals","PEP city and town (subcounty) population estimates, Vintage 2025 (SUB-EST2025)","U.S. Census Bureau, Population Division","demographics","Annual July 1 resident population estimates 2020-2025 and April 1 2020 base for incorporated places, minor civil divisions (MCDs), consolidated cities, county-place parts and MCD-place parts, with state and county totals.","https://www2.census.gov/programs-surveys/popest/technical-documentation/file-layouts/2020-2025/SUB-EST2025.pdf","https://www2.census.gov/programs-surveys/popest/datasets/2020-2025/cities/totals/sub-est2025.csv;https://www2.census.gov/programs-surveys/popest/datasets/2020-2025/cities/totals/sub-est2025_18.csv","bulk_download","None (keyless). Latin-1 encoded. Per-state files are named sub-est2025_{state FIPS without leading zero}.csv (e.g., _1 for Alabama, _18 for Indiana).","Public domain (U.S. federal government work)","state;county;place;cousub;other:consolidated city (SUMLEV 170/172);other:county-place part (SUMLEV 157);other:MCD-place part (SUMLEV 071)","4/1/2020 base; 7/1/2020-7/1/2025 (Vintage 2025)","Annual (May; V2025 released May 2026)","SUMLEV key: 040 state, 050 county, 061 MCD, 071 MCD place part, 157 county place part, 162 incorporated place, 170 consolidated city, 172 place within consolidated city. All years use January 1, 2025 boundaries; intercensal subcounty files use 2020 and 2010 geography.","None.","No census designated places (CDPs); 157 and 071 records are parts and must not be summed with 162 totals; place areas change through annexation between vintages; Latin-1 names (e.g., La Canada Flintridge).","verified","2026-09-28","Fetched SUB-EST2025.pdf (release May 2026): field list, SUMLEV key 040/050/061/071/157/162/170/172, boundaries 'as of January 1, 2025'.","retrieved","2026-09-28","Downloaded full CSV (7,464,556 bytes; 81,353 rows: 061=21,014; 071=13,812; 157=23,726; 162=19,483; 170=8; 172=115). Indianapolis (SUMLEV 170) 2025 = 910,638."
"census_pep_county_characteristics","PEP county population by age, sex, race and Hispanic origin, Vintage 2025 (CC-EST2025)","U.S. Census Bureau, Population Division","demographics","Annual county estimates by 5-year age group, sex, race (alone and alone-or-in-combination) and Hispanic origin (ALLDATA); AGESEX files give broad age groups and median age; SYASEX files give single years of age.","https://www2.census.gov/programs-surveys/popest/technical-documentation/file-layouts/2020-2025/CC-EST2025-ALLDATA.pdf","https://www2.census.gov/programs-surveys/popest/datasets/2020-2025/counties/asrh/cc-est2025-alldata.csv;https://www2.census.gov/programs-surveys/popest/datasets/2020-2025/counties/asrh/cc-est2025-agesex-all.csv;https://www2.census.gov/programs-surveys/popest/datasets/2020-2025/counties/asrh/cc-est2025-syasex.csv","bulk_download","None (keyless). National ALLDATA file is 105 MB; per-state files cc-est2025-alldata-{ss}.csv and cc-est2025-agesex-{ss}.csv use 2-digit state FIPS.","Public domain (U.S. federal government work)","county","YEAR 1 = 4/1/2020 base; YEAR 2-7 = 7/1/2020-7/1/2025","Annual (June; V2025 released June 2026)","AGEGRP 0 = total, 1-18 = 0-4 ... 85+. Race follows 1997 OMB standards with Some Other Race responses modified, so race counts differ from 2020 Census tables. Same layout in 2010-2020 intercensal CC-EST2020INT files (YEAR 1-12); 2000-2010 files differ (AGEGRP 99 = total).","None.","Modeled, no error measures; race detail for small counties is imputed-heavy; not directly comparable to ACS or Census race tables that include Some Other Race.","verified","2026-09-28","Fetched CC-EST2025-ALLDATA.pdf (release June 2026): YEAR 1=4/1/2020 base, 2-7=7/1/2020-2025; AGEGRP 0=Total, 1-18 five-year groups; SUMLEV 050.","retrieved","2026-09-28","HEAD national cc-est2025-alldata.csv = 105,377,321 bytes; downloaded cc-est2025-alldata-18.csv (3,031,972 bytes; 12,236 rows = 92 counties x 7 years x 19 AGEGRP)."
"census_pep_housing_units","PEP housing unit estimates, Vintage 2025 (CO-EST2025-HU and NST-EST2025-HU tables)","U.S. Census Bureau, Population Division","housing","Annual July 1 housing unit estimates 2020-2025 with April 1 2020 base for the nation, states and counties, published as formatted Excel tables (no 2020s CSV dataset located).","https://www.census.gov/programs-surveys/popest/technical-documentation/methodology.html","https://www2.census.gov/programs-surveys/popest/tables/2020-2025/housing/totals/CO-EST2025-HU.xlsx;https://www2.census.gov/programs-surveys/popest/tables/2020-2025/housing/totals/NST-EST2025-HU.xlsx;https://www2.census.gov/programs-surveys/popest/tables/2020-2025/housing/totals/CO-EST2025-HU-18.xlsx","bulk_download","None (keyless). Tables identify areas by name only (e.g., '.Adams County, Indiana'); no FIPS column.","Public domain (U.S. federal government work)","nation;state;county","4/1/2020 base; 7/1/2020-7/1/2025 (V2025). Vintage 2020 CSV for 2010-2020: https://www2.census.gov/programs-surveys/popest/datasets/2010-2020/housing/HU-EST2020_ALL.csv","Annual (May; V2025 tables dated May 2026)","Each vintage revises the series. County geography as of January 1, 2025 (CT planning regions).","None.","Modeled, no error measures; names must be matched to FIPS codes; no subcounty housing unit estimates located for the 2020s.","verified","2026-09-28","Fetched PEP methodology page: Vintage 2025 documents include a Housing Units methodology alongside population methodologies.","retrieved","2026-09-28","Downloaded CO-EST2025-HU-18.xlsx (103 rows): Indiana 4/1/2020 base 2,923,175 and 7/1/2025 3,052,602 housing units; rows named, no FIPS column."
"census_pep_intercensal_2010_2020","PEP intercensal population estimates 2010-2020 (SUB-EST2020INT subcounty; CC-EST2020INT county characteristics)","U.S. Census Bureau, Population Division","demographics","Intercensal July 1 estimates for 2010-2019 bridging the 2010 and 2020 Censuses, with April 1 2010 base and April 1 2020 Census count, for states, counties, places and MCDs, plus county estimates by age, sex, race and Hispanic origin.","https://www2.census.gov/programs-surveys/popest/technical-documentation/file-layouts/2010-2020/intercensal/cities/sub-est2020int.pdf","https://www2.census.gov/programs-surveys/popest/datasets/2010-2020/intercensal/cities/sub-est2020int.csv;https://www2.census.gov/programs-surveys/popest/datasets/2010-2020/intercensal/county/asrh/cc-est2020int-agesex-all.csv;https://www2.census.gov/programs-surveys/popest/datasets/2010-2020/intercensal/county/asrh/cc-est2020int-alldata.csv","bulk_download","None (keyless). Latin-1. County totals are the SUMLEV 050 rows of sub-est2020int.csv. Per-state cc-est2020int-alldata-{ss}.csv and cc-est2020int-agesex-{ss}.csv available.","Public domain (U.S. federal government work)","state;county;place;cousub;other:consolidated city (SUMLEV 170/172)","4/1/2010 base; 7/1/2010-7/1/2019; 4/1/2020 Census (CENSUS2020POP; YEAR 12 in CC files)","One-time release (subcounty November 2024; county characteristics September 2025)","Boundaries 'as of 2020': 8 legacy CT counties 09001-09015, Chugach 02063 and Copper River 02066, Oglala Lakota 46102, Kusilvak 02158, no Bedford city 51515. Supersedes the Vintage 2020 postcensal 2010-2019 series.","None.","CT county series does not match V2022+ planning regions (rebuild from town-level MCD rows); national cc-est2020int-agesex-all.csv uses unpadded codes (SUMLEV 50, STATE 1) while state files are padded; 4/1/2020 values differ slightly from V2025 base.","verified","2026-09-28","Fetched sub-est2020int.pdf and CC-EST2020INT-AGESEX.pdf: CENSUS2020POP field; YEAR 1=4/1/2010 base to 12=4/1/2020 Census; boundaries as of 2020.","retrieved","2026-09-28","Downloaded sub-est2020int.csv (9,346,716 bytes; 81,378 rows; 3,143 counties incl. 8 legacy CT counties); Marion IN 2019 = 974,082. HEAD cc-est2020int-alldata.csv 177,385,573 B."
"census_pep_intercensal_2000_2010","PEP intercensal population estimates 2000-2010 (CO-EST00INT county; SUB-EST00INT subcounty)","U.S. Census Bureau, Population Division","demographics","Intercensal July 1 estimates for 2000-2009 bridging the 2000 and 2010 Censuses (with 4/1/2000 base, 4/1/2010 Census and 7/1/2010) for states, counties, places and MCDs, plus county age, sex, race and Hispanic origin detail.","https://www2.census.gov/programs-surveys/popest/technical-documentation/file-layouts/2000-2010/intercensal/county/co-est00int-tot.pdf","https://www2.census.gov/programs-surveys/popest/datasets/2000-2010/intercensal/county/co-est00int-tot.csv;https://www2.census.gov/programs-surveys/popest/datasets/2000-2010/intercensal/cities/sub-est00int.csv;https://www2.census.gov/programs-surveys/popest/datasets/2000-2010/intercensal/county/co-est00int-agesex-5yr.csv;https://www2.census.gov/programs-surveys/popest/datasets/2000-2010/intercensal/county/co-est00int-sexracehisp.csv","bulk_download","None (keyless). Latin-1; CRLF line endings. Per-state co-est00int-alldata-{ss}.csv available.","Public domain (U.S. federal government work)","state;county;place;cousub","4/1/2000 base; 7/1/2000-7/1/2009; 4/1/2010 Census (CENSUS2010POP); 7/1/2010 (POPESTIMATE2010)","One-time release (county totals September 2011; subcounty October 2012)","2010 county codes applied back to 2000 (Bedford city 51515, Valdez-Cordova 02261, Shannon 46113, Wade Hampton 02270, Broomfield 08014 and 2007-08 Alaska areas present). Subcounty SUMLEV 040, 050, 061, 071, 157, 162 only (no 170/172).","None.","co-est00int-tot.csv uses unpadded codes (SUMLEV 40/50, STATE 1, COUNTY 1); co-est00int-alldata files use AGEGRP 99 = Total and 0 = age 0 (unlike 2010s/2020s files where 0 = Total).","verified","2026-09-28","Fetched co-est00int-tot.pdf, sub-est00int.pdf and co-est00int-alldata.pdf: CENSUS2010POP = 4/1/2010 Census; POPESTIMATE2010 = 7/1/2010; AGEGRP 99 = Total.","retrieved","2026-09-28","Downloaded co-est00int-tot.csv (370,855 bytes; 51 state + 3,143 county rows) and sub-est00int.csv (9,015,719 bytes; 81,625 rows). Marion IN CENSUS2010POP = 903,393."
"census_pep_county_1970_1999","Historical county population estimates 1970-1999 (e7079co, e8089co, CO-99-8 text files)","U.S. Census Bureau, Population Division","demographics","Fixed-width text tables of July 1 population estimates for the nation, states and counties: preliminary intercensal 1970-1979, intercensal 1980-1989, and Vintage 1999 county estimates for 1990-1999 with the 4/1/1990 base.","https://www2.census.gov/programs-surveys/popest/tables/1900-1980/counties/totals/e7079co.txt","https://www2.census.gov/programs-surveys/popest/tables/1900-1980/counties/totals/e7079co.txt;https://www2.census.gov/programs-surveys/popest/tables/1980-1990/counties/totals/e8089co.txt;https://www2.census.gov/programs-surveys/popest/tables/1990-2000/counties/totals/99c8_18.txt","bulk_download","None (keyless). Fixed-width text with prose headers; 1990s county files are per state (99c8_{ss}.txt).","Public domain (U.S. federal government work)","nation;state;county","1970-1999 annual July 1 estimates, with 1970 and 1980 census counts and the 4/1/1990 estimates base","Discontinued (historical products)","County geography of each decade (not recast to current codes). 1990s values are Vintage 1999 postcensal estimates released March 9, 2000.","None.","1970s state estimates rounded to thousands and county estimates to hundreds; 99c8 lists years in reverse order (1999 first, 1990 base last); needs custom parsing.","verified","2026-09-28","Fetched file headers: e7079co describes 1970s intercensal method and rounding; e8089co issued March 1992; 99c8 Internet release March 9, 2000.","retrieved","2026-09-28","Read e7079co.txt (range request) and full 99c8_18.txt: Indiana 7/1/1999 = 5,942,901; Autauga AL 7/1/1971 = 25,500 (county values rounded to hundreds)."
"census_acs_5yr","American Community Survey (ACS) 5-year estimates, Detailed Tables","U.S. Census Bureau","housing;demographics;households_families","Survey-based 60-month period estimates with 90% margins of error for small geographies: housing stock, tenure, vacancy, year built, rents, values and cost burden (B25), age and sex, race and Hispanic origin, nativity, mobility, households, language and veteran status.","https://www.census.gov/data/developers/data-sets/acs-5year.html","https://api.census.gov/data/2024/acs/acs5;https://www2.census.gov/programs-surveys/acs/summary_file/2024/table-based-SF/documentation/ACS20245YR_Table_Shells.txt;https://www2.census.gov/programs-surveys/acs/summary_file/2024/table-based-SF/","api_key","Census API key required for data queries; variable metadata endpoints (e.g., /data/2024/acs/acs5/variables/B25034_002E.json) answered without a key. Table-based Summary File is a keyless bulk alternative.","Public domain (U.S. federal government work)","nation;region;division;state;county;cousub;place;tract;bg;zcta;cbsa;csa;sd;cd;puma","2005-2009 through 2020-2024 (API 2009-2024); 2021-2025 not released as of 2026-09-28","Annual (usually December; 2020-2024 shells dated January 2026)","Legal areas use boundaries as of January 1 of the final year; tracts/BGs 2020-based from 2016-2020; ZCTAs 2020-based from 2021; CBSAs July 2023 from 2023; CT planning regions from 2018-2022; Chugach/Copper River first in 2016-2020 (2015-2019 still 02261); Bedford city 51515 last in 2009-2013. Race question/coding changed 2020.","Special values: -666666666 estimate not computable; -999999999 (N) too few sample cases; -888888888 (X) not applicable; MOE -222222222 (**), -333333333 (*** open-ended median), -555555555 (***** controlled, MOE zero).","Sampling error; compare non-overlapping periods; bins change over time (B25034, B25063, B25075, C16001); dollar values in final-year dollars for rent and owner costs; block group availability varies by table.","verified","2026-09-28","Fetched ACS 5-year API page: years 2009-2024; detailed tables down to block group; states all data queries now require an API key.","not_attempted","2026-09-28","Census API requires a key; verified by project adapter"
"census_acs_1yr","American Community Survey (ACS) 1-year estimates, Detailed Tables","U.S. Census Bureau","housing;demographics;households_families","Survey-based single-year estimates with 90% margins of error for geographies with 65,000 or more people (nation, states, large counties and places, CBSAs, congressional districts, PUMAs).","https://www.census.gov/data/developers/data-sets/acs-1year.html","https://api.census.gov/data/2024/acs/acs1;https://www2.census.gov/programs-surveys/acs/summary_file/2024/table-based-SF/documentation/ACS20241YR_Table_Shells.txt","api_key","Census API key required for data queries; variable metadata endpoints keyless.","Public domain (U.S. federal government work)","nation;region;division;state;county;place;cbsa;csa;cd;puma;sd","2005-2024 (2020 released only as experimental estimates); 2025 1-year release date not yet set as of 2026-09-28","Annual (normally September)","Boundaries as of January 1 of the data year; CT planning regions from 2022 (verified in Geos20221YR.txt); race question/coding changed 2020.","Same special values as 5-year; areas under 65,000 not published.","Large areas only; larger MOEs than 5-year; no standard 2020 product; 2025 release delayed while Census seeks compliance with a Commerce disclosure avoidance order (DAO).","verified","2026-09-28","Fetched ACS 1-year API page (2005-2024; areas of 65,000 or more; key required) and 2026 Census advisory: 2025 1-year release date 'is being determined'.","not_attempted","2026-09-28","Census API requires a key; verified by project adapter"
"census_dec_2020_dhc","2020 Census Demographic and Housing Characteristics File (DHC)","U.S. Census Bureau","demographics;households_families;housing","Full-count 2020 Census tables on age, sex, race, Hispanic origin, households, families, housing units, occupancy, vacancy status and tenure, with disclosure avoidance noise applied.","https://api.census.gov/data/2020/dec/dhc.json","https://api.census.gov/data/2020/dec/dhc","api_key","API key required for data queries; variable and group metadata (e.g., /data/2020/dec/dhc/variables/P1_001N.json) answered without a key.","Public domain (U.S. federal government work)","nation;region;division;state;county;cousub;place;tract;bg;zcta;cbsa;csa;sd;cd;other:block","April 1, 2020","Decennial (one-time 2020 product)","2020 tabulation geography: legacy CT counties (FR notice excludes 2020 Census publications from the planning-region change); 2020 tracts/ZCTAs. Race/Hispanic question and coding changed (write-ins for White and Black, 200 characters, up to 6 codes).","No cell suppression; noise infused by 2020 disclosure avoidance system, so small-area counts can be implausible.","Small-area noise; not directly comparable to 2010 race counts; average household size not found as a single published cell (compute P15_001N / P16_001N).","verified","2026-09-28","Fetched api.census.gov/data/2020/dec/dhc.json (title verified) and keyless group metadata for P1, H1, H3, H4, H5, P5, P9, P12, P13, P15, P16.","not_attempted","2026-09-28","Census API requires a key; verified by project adapter"
"census_dec_2020_pl","2020 Census Redistricting Data (P.L. 94-171) Summary File","U.S. Census Bureau","demographics;housing","First 2020 Census counts: total population, race, Hispanic origin by race, population 18 and over, group quarters population and housing occupancy status.","https://api.census.gov/data/2020/dec/pl.json","https://api.census.gov/data/2020/dec/pl","api_key","API key required for data queries; group metadata (groups.json) answered without a key.","Public domain (U.S. federal government work)","nation;region;division;state;county;cousub;place;tract;bg;cd;other:block;other:voting district","April 1, 2020","Decennial (one-time 2020 product)","Same 2020 geography and race/Hispanic question changes as DHC; groups P1-P5 and H1 only.","No cell suppression; disclosure avoidance noise.","No age detail beyond 18+, no tenure or household tables; use DHC for those.","verified","2026-09-28","Fetched api.census.gov/data/2020/dec/pl.json and groups.json (P1-P5, H1 OCCUPANCY STATUS); P2_002N Hispanic and P2_005N NH White alone labels verified.","not_attempted","2026-09-28","Census API requires a key; verified by project adapter"
"census_dec_2010_sf1","2010 Census Summary File 1 (SF1)","U.S. Census Bureau","demographics;households_families;housing","Full-count 2010 Census tables on population, age, sex, race, Hispanic origin, households, families, housing units, occupancy, vacancy status and tenure.","https://api.census.gov/data/2010/dec/sf1.json","https://api.census.gov/data/2010/dec/sf1","api_key","API key required for data queries; group metadata (e.g., /data/2010/dec/sf1/groups/H4.json) answered without a key.","Public domain (U.S. federal government work)","nation;region;division;state;county;cousub;place;tract;bg;zcta;cbsa;sd;cd","April 1, 2010","Decennial (one-time 2010 product)","2010 geography (legacy CT counties, Valdez-Cordova 02261, Bedford city 51515, Shannon 46113, Wade Hampton 02270); 2010 tracts and ZCTAs; race question differs from 2020.","Counts published without noise; 2010 used record swapping for disclosure avoidance.","Variable IDs use P001001 style within groups P1, H1 etc.; tenure splits owned with mortgage vs free and clear (H004002/H004003).","verified","2026-09-28","Fetched api.census.gov/data/2010/dec/sf1.json (title 'Decennial SF1') and group metadata P1, H1, H3, H4, H5, P5, P12, P13, P17, P18 without a key.","not_attempted","2026-09-28","Census API requires a key; verified by project adapter"
"census_dec_2000_sf1","Census 2000 Summary File 1 (SF1)","U.S. Census Bureau","demographics;households_families;housing","Full-count Census 2000 tables on population, age, sex, race, Hispanic origin, households, housing units, occupancy, vacancy status and tenure.","https://api.census.gov/data/2000/dec/sf1.json","https://api.census.gov/data/2000/dec/sf1","api_key","API key required for data queries; group metadata (e.g., /data/2000/dec/sf1/groups/H004.json) answered without a key.","Public domain (U.S. federal government work)","nation;region;division;state;county;cousub;place;tract;bg;zcta;cd","April 1, 2000","Decennial (one-time 2000 product)","2000 geography; first census allowing more than one race; vacancy status has a single 'rented or sold, not occupied' category (H005004); tenure only owner/renter (H004002/H004003).","Counts published without noise.","Group names are P001-style (e.g., P008); 2000 tracts/ZCTAs differ from 2010/2020.","verified","2026-09-28","Fetched api.census.gov/data/2000/dec/sf1.json ('Decennial Census: Summary File 1') and groups P001, H001, H003, H004, H005, P008, P012, P013, P015, P017.","not_attempted","2026-09-28","Census API requires a key; verified by project adapter"
"census_bps","Building Permits Survey (BPS): new privately-owned residential construction authorized","U.S. Census Bureau","housing","Buildings, housing units and construction valuation authorized by building permits for new privately-owned residential buildings by structure size (1, 2, 3-4, 5+ units), for permit-issuing places, counties, CBSAs, states and the nation; 'estimates with imputation' and 'reported only' versions.","https://www2.census.gov/econ/bps/Documentation/placeasc.pdf","https://www2.census.gov/econ/bps/County/co2025a.txt;https://www2.census.gov/econ/bps/Place/Midwest%20Region/mw2025a.txt;https://www2.census.gov/econ/bps/Place/Northeast%20Region/ne2025a.txt;https://www2.census.gov/econ/bps/Place/South%20Region/so2025a.txt;https://www2.census.gov/econ/bps/Place/West%20Region/we2025a.txt","bulk_download","None (keyless). Comma-delimited text with two header lines and a blank third line; place files split into four Census regions; names space-padded (county names truncated to 30 characters).","Public domain (U.S. federal government work)","nation;region;division;state;county;cbsa;place;cousub;other:county unincorporated permit office (FIPS place 99990)","County annual 1990-2025 (co1990a.txt-co2025a.txt); county monthly current/YTD files 2000-01 to 2026-08; place annual 1980-2025 by region (e.g., mw1980a.txt-mw2025a.txt)","Monthly (current-month and year-to-date files) and annual (May)","Universe about 20,100 permit places January 2014-December 2022; annually updated universe from January 2023 (about 19,900). Place layout eras: 1980-1998 (YY99 date, no FIPS place), 1999-2002, 2003, 2004-2006, 2007+ (FIPS place and FIPS MCD). County files use CT planning regions from 2023 (2022 file uses legacy counties).","No suppression; nonrespondents imputed in the 'estimates with imputation' columns; 'reported only' columns exclude imputation.","Permits authorized, not starts or completions; areas not requiring permits excluded (under 1% of units nationally, varies by state); valuation is construction cost; county file lists only counties with permit offices (3,029 in 2025).","verified","2026-09-28","Fetched placeasc.pdf and cntyasc.pdf (Feb 2022) record layouts and BPS methodology page (universe about 20,100 places to 2022; annual universe from 2023).","retrieved","2026-09-28","Downloaded co2025a.txt (3,029 county rows) and 4 regional 2025 place files (20,070 permit offices). Marion Co. IN 2025: 1,342 units (1-unit 1,041; 5+ 285)."
"fhfa_hpi_annual","FHFA House Price Index: annual all-transactions indexes (developmental) for nation, states, CBSAs, counties, ZIP codes and census tracts","Federal Housing Finance Agency (FHFA)","housing","Annual repeat-sales house price indexes (all-transactions: sales prices and appraisals on Fannie Mae and Freddie Mac mortgages), not seasonally adjusted, with annual percent change and indexes based to first recorded year, 1990 and 2000.","https://www.fhfa.gov/data/hpi/datasets?tab=additional-data","https://www.fhfa.gov/hpi/download/annual/hpi_at_county.xlsx;https://www.fhfa.gov/hpi/download/annual/hpi_at_cbsa.xlsx;https://www.fhfa.gov/hpi/download/annual/hpi_at_state.xlsx;https://www.fhfa.gov/hpi/download/annual/hpi_at_national.xlsx;https://www.fhfa.gov/hpi/download/annual/hpi_at_zip5.xlsx;https://www.fhfa.gov/hpi/download/annual/hpi_at_zip3.xlsx;https://www.fhfa.gov/hpi/download/annual/hpi_at_tract.csv","bulk_download","None (keyless). XLSX files have 5 note rows above the header (header on row 6); tract file is a 90 MB CSV; ZIP5 xlsx is 40 MB.","Public domain (U.S. federal government work)","nation;state;cbsa;county;tract;other:ZIP5;other:ZIP3","1975-2025 (series start when data suffice; 2,795 counties in 2025; tract series start varies)","Annual (spring; files last updated March 31, 2026)","Full county history published on current geography (CT planning regions 09110-09190 back to 1975); CBSAs on July 2023 delineations (e.g., Indianapolis-Carmel-Greenwood); CBSA file also has state non-CBSA areas. Values can be revised each release.","Index not reported until sample is sufficient; missing values are blank in current files (notes mention '.'); 1990/2000-based columns blank if the base year is missing.","Developmental indexes; only conforming Enterprise-backed loans; nominal dollars; index levels are not comparable across areas (compare growth only).","verified","2026-09-28","Fetched FHFA HPI datasets page: Annual House Price Indexes for U.S., states, CBSAs, counties, ZIP3, ZIP5, tracts, each a Developmental Index, NSA.","retrieved","2026-09-28","Downloaded hpi_at_county.xlsx (5,334,194 bytes; 106,252 county-years 1975-2025; 2,795 counties). Marion IN 2025 HPI 802.03, change 3.42%, 2000-base 229.73."
"hud_fmr","HUD Fair Market Rents (FMR)","U.S. Department of Housing and Urban Development (HUD), Office of Policy Development and Research (HUD USER)","housing","Annual 40th-percentile gross rents for standard-quality units by bedroom count (0-4) for HUD FMR areas (metropolitan areas or HUD Metro FMR Areas and nonmetropolitan counties), used for voucher payment standards.","https://www.huduser.gov/portal/datasets/fmr.html","https://www.huduser.gov/portal/datasets/fmr/fmr2027/FY27_FMRs.xlsx;https://www.huduser.gov/portal/datasets/fmr/fmr2026/FY26_FMRs_revised.xlsx","bulk_download","None for Excel files (HUD USER API requires an access token; not used).","Public domain (U.S. federal government work)","county;cousub;cbsa;other:HUD FMR area","Fiscal-year files on page from FY2000 to FY2027 (FY2027 effective October 1, 2026)","Annual (federal fiscal year; FY2027 file dated August 2026)","FMR areas follow OMB CBSAs with HUD modifications; New England rows are towns (10-digit fips = state + county + county subdivision); FY2026 revised FMRs effective May 21, 2026; methodology changes across years.","None.","Program parameter, not a market median; county rows inherit their FMR area value; fiscal-year basis; 2BR is the conventional headline.","verified","2026-09-28","Fetched FMR page: FMRs are 40th percentile gross rents for standard quality units; FY2027 files listed; revised FY2026 FMRs effective May 21, 2026.","retrieved","2026-09-28","Downloaded FY27_FMRs.xlsx (375,708 bytes; 4,764 rows; fields stusps..fmr_4 plus Field_Descriptions sheet). Marion Co. IN FY27 2BR = 1,536 dollars."
"hud_safmr","HUD Small Area Fair Market Rents (SAFMR)","U.S. Department of Housing and Urban Development (HUD), Office of Policy Development and Research (HUD USER)","housing","FMRs calculated for ZIP Codes within metropolitan FMR areas, by bedroom count, with 90% and 110% payment standard columns.","https://www.huduser.gov/portal/datasets/fmr/smallarea/index.html","https://www.huduser.gov/portal/datasets/fmr/fmr2027/FY27_safmrs.xlsx;https://www.huduser.gov/portal/datasets/fmr/fmr2026/fy2026_safmrs_revised.xlsx","bulk_download","None (keyless Excel); column headers contain line breaks (e.g., 'SAFMR 2BR').","Public domain (U.S. federal government work)","other:ZIP Code (USPS);cbsa","Annual fiscal-year files (FY2024-FY2027 verified on FMR page)","Annual (federal fiscal year; FY2027 file dated August 2026)","Mandatory for voucher payment standards in HUD-designated metro areas; optional elsewhere.","None.","ZIP Codes are postal delivery areas, not ZCTAs; metro areas only.","verified","2026-09-28","Fetched SAFMR page: SAFMRs are FMRs calculated for ZIP Codes; required for voucher payment standards in HUD-designated areas.","retrieved","2026-09-28","Downloaded FY27_safmrs.xlsx (4,388,722 bytes; 51,871 ZIP rows). ZIP 76437 (Abilene, TX MSA) FY27 SAFMR 2BR = 1,150 dollars."
"hud_chas","HUD Comprehensive Housing Affordability Strategy (CHAS) special tabulations of ACS 5-year data","U.S. Department of Housing and Urban Development (HUD), Office of Policy Development and Research (HUD USER)","housing","Custom ACS 5-year tabulations of households by HUD-adjusted median family income (HAMFI) category, tenure, housing problems, cost burden, race, household type, elderly and disability status, and affordability of units.","https://www.huduser.gov/portal/datasets/cp.html","https://www.huduser.gov/portal/datasets/cp/2018thru2022-050-csv.zip;https://www.huduser.gov/portal/datasets/cp/2018thru2022-040-csv.zip;https://www.huduser.gov/portal/datasets/cp/2018thru2022-160-csv.zip;https://www.huduser.gov/portal/datasets/cp/2018thru2022-140-csv.zip;https://www.huduser.gov/portal/datasets/cp/CHAS-data-dictionary-18-22.xlsx","bulk_download","None for zip files (URL pattern cp/{start}thru{end}-{sumlevel}-csv.zip; sumlevels 040, 050, 060, 070, 140, 155, 160, 170); CHAS API requires a HUD USER token.","Public domain (U.S. federal government work)","nation;state;county;place;cousub;tract;other:county-place split (155);other:consolidated city (170)","ACS 5-year periods 2006-2010 through 2018-2022 in download tool (older 2000 Census and 2005-2007 versions separate)","Irregular, about annual (2018-2022 released December 23, 2025)","HUD says no substantive table changes since the 2021 release; Census disclosure avoidance suppresses some previously available estimates; geography follows the ACS vintage.","Census disclosure avoidance suppresses some cells (per HUD).","Lags ACS by about 3 years; small-area MOEs large (T*_moe columns provided); income categories relative to HUD area median family income.","verified","2026-09-28","Fetched CHAS page: 2018-2022 CHAS released Dec 23, 2025; data dictionary (CHAS-data-dictionary-18-22.xlsx) lists Tables 1-18C with universes.","retrieved","2026-09-28","Downloaded 2018thru2022-040-csv.zip (556,761 bytes; 24 table CSVs); Table1.csv has 52 state rows with source,sumlevel,geoid,name,st,T1_est*,T1_moe* columns."
"hud_pit_hic","HUD Point-in-Time (PIT) homelessness counts and Housing Inventory Count (HIC) by Continuum of Care","U.S. Department of Housing and Urban Development (HUD)","housing","Annual one-night counts of sheltered and unsheltered people experiencing homelessness (PIT) and inventories of emergency shelter, transitional housing and safe haven beds (HIC), by Continuum of Care (CoC) and state.","https://www.huduser.gov/portal/datasets/ahar/2025-ahar-part-1-pit-estimates-of-homelessness-in-the-us.html","https://www.huduser.gov/portal/sites/default/files/xls/2007-2025-PIT-Counts-by-CoC.xlsb;https://www.huduser.gov/portal/sites/default/files/xls/2007-2025-PIT-Counts-by-State.xlsb;https://www.huduser.gov/portal/sites/default/files/xls/2007-2025-HIC-Counts-by-CoC.xlsx;https://www.huduser.gov/portal/sites/default/files/xls/2011-2025-PIT-Veteran-Counts-by-CoC.xlsx","bulk_download","None (keyless). PIT workbooks are Excel binary (.xlsb) with one sheet per year 2007-2025 (about 1,000 columns in 2025) plus 'CoC Mergers' and 'field list, all years' sheets.","Public domain (U.S. federal government work)","nation;state;coc","2007-2025 annual (January count night); veteran detail 2011-2025","Annual (AHAR Part 1; 2025 files dated May 2026)","CoC mergers change territories over time (see 'CoC Mergers' sheet); reporting categories (age, gender, race/ethnicity) change across years (see field list sheet).","No suppression; MO-604 spans Missouri and Kansas and is split between states only in the state file.","CoC territories do not align with counties or places; one-night counts undercount and methods vary by CoC; counts are not rates.","verified","2026-09-28","Fetched 2025 AHAR Part 1 page listing 2007-2025 PIT counts by CoC/state (.xlsb), HIC by CoC/state (.xlsx) and veteran counts 2011-2025.","retrieved","2026-09-28","Parsed 2025 sheet of PIT-by-CoC xlsb (8,859,426 bytes; 1,019 columns): Total Overall Homeless 745,652; IN-503 Indianapolis CoC 1,815. HIC xlsx parsed."
"hud_usps_vacancy","HUD Aggregated USPS Administrative Data on Address Vacancies","U.S. Department of Housing and Urban Development (HUD), with U.S. Postal Service data","housing","Quarterly counts of total, vacant and no-stat residential, business and other addresses from USPS carrier records, aggregated by HUD to census tracts, with vacancy-duration detail.","https://www.huduser.gov/portal/datasets/usps.html","https://www.huduser.gov/apps/public/usps/register;https://www.huduser.gov/portal/datasets/usps/USPS_HUD_Address_Vacancy_Data_Dictionaries.xlsx","restricted","Registration and login required; data available only to governmental entities and non-profit organizations under a sublicense 'stated purpose'.","Restricted sublicense (USPS agreement via HUD); use limited to the stated purpose","tract","Quarterly from 2005 (day counts start November 18, 2005); dictionary layouts for pre-Q4 2007, Q4 2007 onward and Q4 2020 onward","Quarterly","Field layout changed Q4 2007 and Q4 2020; dictionary labels GEOID as a 2000 Census tract ID (confirm tract vintage in delivered files).","Not applicable (restricted microaggregates).","Administrative mail-delivery status, not housing occupancy; no-stat addresses include rural vacancies and units under construction; cannot be redistributed publicly.","verified","2026-09-28","Fetched USPS vacancy page: quarterly data available only to registered governmental entities and non-profits; data dictionary lists GEOID, AMS_RES, RES_VAC and others.","requires_registration","2026-09-28","Data download requires HUD USER registration and eligible organization; only the public data dictionary (18,327 bytes) was retrieved."
"census_hvs","Current Population Survey/Housing Vacancy Survey (CPS/HVS): vacancy and homeownership rates","U.S. Census Bureau","housing","Quarterly and annual rental and homeowner vacancy rates, homeownership rates and housing inventory estimates from the CPS for the U.S. and regions, with annual state and 75-largest-MSA tables.","https://www.census.gov/housing/hvs/index.html","https://www.census.gov/housing/hvs/files/annual25/ann25t_3.xlsx;https://www.census.gov/housing/hvs/files/annual25/ann25t_15.xlsx;https://www.census.gov/housing/hvs/files/annual25/ann25t_16.xlsx;https://www.census.gov/housing/hvs/files/annual25/ann25t_b3.xlsx;https://www.census.gov/housing/hvs/data/histtab1.xlsx;https://www.census.gov/housing/hvs/data/histtab14.xlsx","bulk_download","None (keyless). Formatted Excel tables with several header blocks and dotted row labels.","Public domain (U.S. federal government work)","nation;region;state;cbsa","U.S. quarterly rental vacancy 1956-present; state rental vacancy 1986-2025 and homeownership 1984-2025 (annual); 75 largest MSAs homeownership 2015-2025","Quarterly (U.S./regions); annual tables for states and MSAs","Revised series columns (e.g., '1989r1'); weighting changes; caution for COVID-19 period collection.","None; MOEs published (annual Table B-3 for state vacancy and homeownership rates).","Small state/MSA samples with large MOEs; state and MSA rates annual only; no county or place estimates.","verified","2026-09-28","Fetched HVS page (CPS-based; caution for COVID-19 period) and historical table list; annual 2025 tables incl. B-3 MOEs for state rates.","retrieved","2026-09-28","Downloaded ann25t_3.xlsx 'Rental Vacancy Rates, by State: 1986 to 2025' (US 1986 = 7.3) and ann25t_15.xlsx homeownership by state 1984-2025."
"evictionlab_eviction_data","Eviction Lab eviction filing and judgment data","Eviction Lab, Princeton University","housing","Eviction filings, households threatened and judgments from proprietary and court records 2000-2018 (validated observed counts for county/tract; unvalidated for place/block group), modeled county/state/national filing estimates with 95% credible intervals, and Eviction Tracking System (ETS) files for tracked sites since 2020.","https://data-downloads.evictionlab.org/","https://eviction-lab-data-downloads.s3.amazonaws.com/data-for-analysis/county_proprietary_valid_2000_2018.csv;https://eviction-lab-data-downloads.s3.amazonaws.com/estimating-eviction-prevalance-across-us/county_eviction_estimates_2000_2018.csv;https://eviction-lab-data-downloads.s3.amazonaws.com/estimating-eviction-prevalance-across-us/place_proprietary_2000_2018.csv;https://eviction-lab-data-downloads.s3.amazonaws.com/ets/all_sites_monthly_2020_2021.csv","bulk_download","Public S3 bucket eviction-lab-data-downloads (no login); evictionlab.org 'Get the Data' page asks for an email.","Open Data Commons Attribution License (ODC-BY 1.0); cite per directory instructions","nation;state;county;place;tract;bg;other:ETS tracked site","2000-2018 annual (county, place, tract, block group); ETS weekly/monthly files for tracked sites (file names say 2020_2021; updated September 2026)","Irregular (national data deposited May 2022; tract files updated 2024-2026)","'Valid' files drop observations with low or unvalidated counts; modeled estimates fill all counties; place files are aggregated to census designated places per README.","Low-count or unvalidated observations removed from 'valid' files.","National coverage ends 2018; proprietary coverage uneven by state; a filing is not an executed eviction; cofips not zero-padded in county_proprietary_valid file.","verified","2026-09-28","Fetched data-downloads page: data shared under ODC-BY 1.0 with citation instructions; READMEs/codebooks define filing_rate per 100 renting households.","retrieved","2026-09-28","Range-read county_proprietary_valid_2000_2018.csv (cofips,county,state,year,type,filings,filing_rate,...): Autauga AL 2001 filings 84, rate 2.73."
"nber_census_cencounts_1900_1990","Population of Counties by Decennial Census: 1900 to 1990 (Census 'cencounts', NBER CSV copy)","U.S. Census Bureau, Population Division (compiled by Richard L. Forstall); redistributed by NBER","demographics","Decennial census population counts 1900-1990 for every county, state and the nation as originally published, with notes on boundary changes, renamed and defunct counties.","https://data.nber.org/census/population/cencounts/00-90doc.txt","https://data.nber.org/census/population/cencounts/cencounts.csv;http://web.archive.org/web/20190421062823/https://www.census.gov/population/cencounts/in190090.txt;http://web.archive.org/web/20160205223446/http://www.census.gov:80/population/cencounts/tx190090.txt","bulk_download","None. Original Census state files (www.census.gov/population/cencounts/{st}190090.txt) now return HTTP 404; archived copies via the Internet Archive.","Underlying Census data public domain; NBER page states no license terms","nation;state;county","1900-1990 decennial (10 censuses)","Static (compiled 1995; NBER CSV 2007)","Counts as published at each census (later corrections not reflected); county boundary changes not adjusted; defunct counties carry decimal codes; Alaska 1930/1940 enumerated in 1929/1939.","None.","Not boundary-harmonized; codes reflect 1990 county set; state text files are fixed-width blocks of decades.","verified","2026-09-28","Fetched NBER page and 00-90doc.txt (Forstall, April 20, 1995): county counts 1900-1990 as published at each census; later corrections not reflected.","retrieved","2026-09-28","Downloaded cencounts.csv (275,148 bytes; 3,223 rows). Indiana 93 rows, Texas 255; Marion IN 1990 = 797,159. census.gov state files 404; Wayback copies (IN, TX) 200."
"census_twps0027_urban_places","Population of the 100 Largest Cities and Other Urban Places in the United States: 1790 to 1990 (Working Paper No. 27, Campbell Gibson)","U.S. Census Bureau, Population Division","demographics","Census populations and ranks of the 100 largest urban places at each census 1790-1990, 1990 land area and density, maximum population and regional distributions.","https://www.census.gov/library/working-papers/1998/demo/POP-twps0027.html","https://www2.census.gov/library/working-papers/1998/demographics/pop-twps0027/tab01.txt;https://www2.census.gov/library/working-papers/1998/demographics/pop-twps0027/tab22.txt","bulk_download","None. 26 fixed-width text tables tab01.txt-tab26.txt (tab02-tab22 = one census each, 1790-1990); no FIPS codes.","Public domain (U.S. federal government work)","place;other:urban place (incl. towns/townships)","1790-1990 decennial","Static (Internet release June 15, 1998)","Only places in the top 100 at a given census; boundaries as of each census.","None.","Name matching to FIPS required; not a complete city time series.","verified","2026-09-28","Fetched landing page titled 'Population of the 100 Largest Cities and Other Urban Places...1790 to 1990' linking tab01-tab26 text files.","retrieved","2026-09-28","Read tab01, tab02 (24 urban places, 1790), tab22 (1990: New York city 7,322,564) and tab23; directory lists 26 text tables (1.9-40 KB)."
"census_historical_state_population","Historical state population: Census population change and apportionment data 1910-2020, and Working Paper 56 (1790-1990 by race)","U.S. Census Bureau","demographics","Resident population, percent change, density and apportionment for states, regions and the nation at each census 1910-2020 (CSV/XLSX); Working Paper 56 gives 1790-1990 totals by race (Hispanic origin 1970-1990) for the U.S., regions, divisions and states.","https://www.census.gov/data/tables/time-series/dec/popchange-data-text.html","https://www2.census.gov/programs-surveys/decennial/2020/data/apportionment/apportionment.csv;https://www2.census.gov/programs-surveys/decennial/2020/data/apportionment/population-change-data-table.xlsx;https://www2.census.gov/library/working-papers/2002/demo/pop-twps0056/appendixA.xlsx","bulk_download","None (keyless). apportionment.csv quotes numbers with thousands separators.","Public domain (U.S. federal government work)","nation;region;state","1910-2020 decennial (apportionment.csv); 1790-1990 (Working Paper 56)","Decennial","57 areas per census in the CSV (50 states, DC, Puerto Rico, 4 regions, U.S.); WP56 appendices are per-decade formatted tables.","None.","Representative fields blank for DC, Puerto Rico and regions; WP56 xlsx layout is presentation-oriented.","verified","2026-09-28","Fetched 'Historical Population Change Data (1910-2020)' page linking apportionment.csv and xlsx; WP56 page title and appendix xlsx links verified.","retrieved","2026-09-28","Downloaded apportionment.csv (39,917 bytes; 684 rows = 57 areas x 12 censuses 1910-2020). Indiana 1910 resident population 2,700,876."
"census_gazetteer","Census Gazetteer Files (2026 vintage)","U.S. Census Bureau, Geography Division","demographics;housing","One record per entity with GEOID, fully qualified GEOID (GEOIDFQ), name, land and water area (square meters and square miles) and internal point latitude/longitude for states, counties, county subdivisions, places, tracts, ZCTAs, CBSAs, school districts, congressional and legislative districts and urban areas.","https://www.census.gov/programs-surveys/geography/technical-documentation/records-layout/gaz-record-layouts.html","https://www2.census.gov/geo/docs/maps-data/data/gazetteer/2026_Gazetteer/2026_Gaz_place_national.zip;https://www2.census.gov/geo/docs/maps-data/data/gazetteer/2026_Gazetteer/2026_Gaz_counties_national.zip;https://www2.census.gov/geo/docs/maps-data/data/gazetteer/2026_Gazetteer/2026_Gaz_cousubs_national.zip;https://www2.census.gov/geo/docs/maps-data/data/gazetteer/2026_Gazetteer/2026_Gaz_tracts_national.zip;https://www2.census.gov/geo/docs/maps-data/data/gazetteer/2026_Gazetteer/2026_Gaz_zcta_national.zip;https://www2.census.gov/geo/docs/maps-data/data/gazetteer/2026_Gazetteer/2026_Gaz_cbsa_national.zip;https://www2.census.gov/geo/docs/maps-data/data/gazetteer/2026_Gazetteer/2026_Gaz_unsd_national.zip;https://www2.census.gov/geo/docs/maps-data/data/gazetteer/2026_Gazetteer/2026_Gaz_elsd_national.zip;https://www2.census.gov/geo/docs/maps-data/data/gazetteer/2026_Gazetteer/2026_Gaz_scsd_national.zip","bulk_download","None (keyless). Zipped tab-delimited UTF-8 text with header row.","Public domain (U.S. federal government work)","state;county;cousub;place;tract;zcta;cbsa;sd;cd","Annual vintages (2022_Gazetteer to 2026_Gazetteer folders plus older files); 2026 files dated September 2026","Annual","CT planning regions from the 2022 Gazetteer (2021 lists legacy counties); tracts and ZCTAs 2020-based; CBSAs July 2023 delineation (935 CBSAs).","None.","Area and codes reflect the vintage's boundaries; internal points are not centroids.","verified","2026-09-28","Fetched 2026 Gazetteer record layouts: GEOIDFQ is the fully qualified GEOID for data.census.gov joins; ALAND/AWATER in square meters; 15 entity types.","retrieved","2026-09-28","Downloaded 2026 national zips: counties 3,222 rows; places 32,363; cousubs 36,381; tracts 85,396; ZCTAs 33,791; CBSAs 935; unified SDs 10,797."
"census_cartographic_boundaries","Census Cartographic Boundary Files (GENZ2025)","U.S. Census Bureau, Geography Division","demographics;housing","Generalized boundary files (shapefile, GeoPackage, KML, file geodatabase) for small-scale thematic mapping at 1:500,000, 1:5,000,000 and 1:20,000,000, clipped to a simplified shoreline.","https://www2.census.gov/geo/tiger/GENZ2025/description.pdf","https://www2.census.gov/geo/tiger/GENZ2025/shp/cb_2025_us_state_500k.zip;https://www2.census.gov/geo/tiger/GENZ2025/shp/cb_2025_us_state_20m.zip;https://www2.census.gov/geo/tiger/GENZ2025/shp/cb_2025_us_county_500k.zip;https://www2.census.gov/geo/tiger/GENZ2025/shp/cb_2025_us_county_20m.zip;https://www2.census.gov/geo/tiger/GENZ2025/shp/cb_2025_us_place_500k.zip;https://www2.census.gov/geo/tiger/GENZ2025/shp/cb_2025_us_tract_500k.zip;https://www2.census.gov/geo/tiger/GENZ2025/shp/cb_2025_us_cbsa_500k.zip;https://www2.census.gov/geo/tiger/GENZ2025/shp/cb_2025_us_cbsa_20m.zip;https://www2.census.gov/geo/tiger/GENZ2025/shp/cb_2025_us_cousub_500k.zip;https://www2.census.gov/geo/tiger/GENZ2025/shp/cb_2025_us_unsd_500k.zip;https://www2.census.gov/geo/tiger/GENZ2020/shp/cb_2020_us_zcta520_500k.zip","bulk_download","None (keyless). Zipped shapefiles; tract_500k is 59 MB, zcta520 is 67 MB.","Public domain (U.S. federal government work)","nation;region;division;state;county;cousub;place;tract;bg;zcta;cbsa;csa;sd;cd","GENZ2010, GENZ2012-GENZ2025 annual folders; ZCTA cartographic file only in GENZ2020 (ZCTA5 2020)","Annual (GENZ2025 posted April 2026)","County layers show CT planning regions from 2022; 2025 national place layer available (cb_2025_us_place_500k.zip).","None.","Not for area calculation, geocoding or precise area relationships (per Census description); no 2021-2025 ZCTA cartographic files found.","verified","2026-09-28","Fetched GENZ2025 description.pdf: generalized files at 1:500,000, 1:5,000,000 and 1:20,000,000; not for area calculation or geocoding.","retrieved","2026-09-28","HEAD 200 for 11 zips (county_500k 11,758,981 B; tract_500k 59,343,890 B; zcta520 66,655,314 B); downloaded county_20m and read DBF: 3,222 records, GEOID field."
"census_geo_codes_2020","2020 Census ANSI/FIPS code files (national_place_by_county2020 and related lists)","U.S. Census Bureau, Geography Division","demographics;housing","Pipe-delimited reference lists of 2020 Census codes: places by county (one record per place-county part), plus national county, county subdivision, place and school district code lists.","https://www.census.gov/library/reference/code-lists/ansi.html","https://www2.census.gov/geo/docs/reference/codes2020/national_place_by_county2020.txt;https://www2.census.gov/geo/docs/reference/codes2020/national_place2020.txt;https://www2.census.gov/geo/docs/reference/codes2020/national_county2020.txt;https://www2.census.gov/geo/docs/reference/codes2020/national_cousub2020.txt","bulk_download","None (keyless). Pipe-delimited UTF-8 text with header.","Public domain (U.S. federal government work)","state;county;place;cousub;sd","2020 Census codes (files dated February 2023; no later codes directory found)","Decennial (codes2020); boundary updates through annual Gazetteer/TIGER","2020 geography: CT legacy counties 09001-09015 (use ct_change crosswalk for planning regions).","None.","Place-county file lists place parts, so places spanning counties repeat; newer incorporations after 2020 missing.","verified","2026-09-28","Fetched ANSI code list page: Place by County file has at least one record per place, fields STATE...FUNCSTAT; 2020 Census codes.","retrieved","2026-09-28","Downloaded national_place_by_county2020.txt (2,736,928 bytes; 33,618 rows; pipe-delimited UTF-8); CT rows use legacy county codes (e.g., 09001)."
"census_cbsa_delineations","OMB metropolitan and micropolitan statistical area delineation files, July 2023","U.S. Census Bureau (based on OMB Bulletin 23-01)","demographics;housing","County-to-CBSA, metropolitan division and CSA crosswalk with central/outlying status (List 1) and principal cities with FIPS place codes (List 2) for the July 2023 delineations.","https://www.census.gov/geographies/reference-files/time-series/demo/metro-micro/delineation-files.html","https://www2.census.gov/programs-surveys/metro-micro/geographies/reference-files/2023/delineation-files/list1_2023.xlsx;https://www2.census.gov/programs-surveys/metro-micro/geographies/reference-files/2023/delineation-files/list2_2023.xlsx","bulk_download","None (keyless). XLSX with title rows (header on row 3) and 2 note rows at the bottom; codes stored as text.","Public domain (U.S. federal government work)","county;cbsa;csa;place;other:metropolitan division","July 2023 delineations (current as of 2026-09-28); earlier delineations on historical delineation files page","Irregular (OMB bulletins)","Based on OMB 2020 standards; includes 9 CT planning regions; used by ACS from 2023, Gazetteer/CB files and FHFA CBSA indexes.","None.","CBSA definitions change between delineations, affecting metro time series.","verified","2026-09-28","Fetched delineation files page linking list1_2023.xlsx and list2_2023.xlsx (July 2023); no later delineation listed.","retrieved","2026-09-28","Downloaded list1_2023.xlsx (1,915 county records; 935 CBSAs: 393 metro, 542 micro; 184 CSAs; header row 3) and list2_2023.xlsx (principal cities)."
"census_geo_county_changes","Census documentation of substantial changes to counties (1970-present) and the Connecticut county-equivalent change","U.S. Census Bureau, Geography Division; Federal Register","demographics;housing","Lists of new, deleted, renamed and recoded counties and substantial boundary changes since 1970, including Connecticut's 2022 adoption of 9 planning regions as county equivalents, with a CT county-to-county-subdivision crosswalk.","https://www.census.gov/programs-surveys/geography/technical-documentation/county-changes.html","https://www2.census.gov/geo/docs/reference/ct_change/ct_cou_to_cousub_crosswalk.txt;https://www2.census.gov/geo/docs/reference/ct_change/ct_cou_to_cousub_crosswalk.xlsx;https://www2.census.gov/geo/pdfs/reference/ct_county_equiv_change.pdf;https://www.govinfo.gov/content/pkg/FR-2022-06-06/pdf/2022-12063.pdf","manual_download","None. Crosswalk TXT is pipe-delimited with a byte-order mark and quoted multi-line header names.","Public domain (U.S. federal government work)","county;cousub","1970-present","As changes occur","CT 09001-09015 to planning regions 09110-09190 (2022; FR 87 FR 34235); Valdez-Cordova 02261 split into Chugach 02063 and Copper River 02066 (January 2, 2019); Bedford city 51515 added to Bedford County 51019 (July 1, 2013); Shannon 46113 to Oglala Lakota 46102 (2015); Wade Hampton 02270 to Kusilvak 02158 (2015).","None.","Documentation only; harmonized series must be rebuilt from town/MCD or tract data.","verified","2026-09-28","Fetched county-changes pages (2020s, 2010s), CT change PDF, and Federal Register API record 2022-12063 (87 FR 34235, June 6, 2022).","retrieved","2026-09-28","Downloaded ct_cou_to_cousub_crosswalk.txt (22,091 bytes): e.g., Bridgeport town 0900108070 -> 0912008070 (Fairfield Co. -> Greater Bridgeport PR)."
