id,type,ref,enabled,compare,viz,options
overview,section,,TRUE,,,
intro,text,intro,TRUE,,,
locator,block,locator,TRUE,,,
key-facts,block,key-facts,TRUE,,,
people,section,,TRUE,,,
pop-long-history,block,pop-long-history,TRUE,,,
age-structure,block,age-structure,TRUE,,,
economy,section,,TRUE,,,
lake-map,block,poverty-map,TRUE,,,
poverty-trend,block,poverty-trend,TRUE,time,,
income-map-lake,block,income-map,TRUE,,,
income-distribution,block,income-distribution,TRUE,,,
pcpi-trend,block,pcpi-trend,TRUE,,,
housing,section,,TRUE,,,
house-prices,block,house-prices,TRUE,,,
permits-trend,block,permits-trend,TRUE,,,
rent-distribution,block,rent-distribution,TRUE,,,
appendix,section,,TRUE,,,
availability,block,availability,TRUE,,,
sources,block,sources,TRUE,,,
